timeSinceStartup,missionElapsedTime,guidanceFrequency,flightMode,pyroState,chuteState,dataLoggingState,telemSendState,telemConnState,battV,servoV,rollMotorV,boardTemp,gyroX,gyroY,gyroZ,alt,oriX,oriY,oriZ,tvcX,tvcY,pyro1Cont,pyro2Cont,pyro3Cont,pyro4Cont,pyro5Cont,pyro1Fire,pyro2Fire,pyro3Fire,pyro4Fire,pyro5Fire
4167,0,nan,1,1,1,0,3,1,11.75,8.35,5.99,0.00,0.00,0.00,0.00,26.34,0.00,0.00,0.00,0.00,0.00,0,0,1,1,1,0,0,0,0,0
48548,14,2930428.50,3,0,1,0,3,0,11.73,8.35,5.99,0.00,0.00,0.00,0.00,1317.42,-0.00,0.01,-0.00,-293.56,170.52,0,0,1,1,1,0,0,0,0,0
48553,19,52.63,3,0,1,0,3,0,11.73,8.35,5.99,0.00,0.00,0.00,0.00,1317.42,0.00,0.01,-0.00,1.03,-0.07,0,0,1,1,1,0,0,0,0,0
48570,36,27.78,3,0,1,0,3,0,11.73,8.35,5.99,0.00,0.00,0.00,0.00,1317.41,0.00,0.01,-0.00,-0.14,-1.27,0,0,1,1,1,0,0,0,0,0
48575,41,24.39,3,0,1,0,3,0,11.73,8.35,5.99,0.00,0.00,0.00,0.00,1317.41,0.01,0.01,-0.00,0.27,-0.03,0,0,1,1,1,0,0,0,0,0
48593,59,16.95,3,0,1,0,3,0,11.73,8.35,5.99,0.00,0.00,0.00,0.00,1317.41,0.01,0.01,-0.00,0.19,-0.36,0,0,1,1,1,0,0,0,0,0
48668,134,7.46,3,0,1,0,3,0,11.73,8.35,5.99,0.00,0.00,0.00,0.00,1317.41,0.01,0.00,-0.00,0.10,-0.01,0,0,1,1,1,0,0,0,0,0
48673,139,7.19,3,0,1,0,3,0,11.73,8.35,5.99,0.00,0.00,0.00,0.00,1317.41,0.01,0.00,0.00,-0.94,-0.82,0,0,1,1,1,0,0,0,0,0
48691,157,6.37,3,0,1,0,3,0,11.73,8.35,5.99,0.00,0.00,0.00,0.00,1317.41,0.01,0.00,0.00,-0.69,1.33,0,0,1,1,1,0,0,0,0,0
48696,162,6.17,3,0,1,0,3,0,11.73,8.35,5.99,0.00,0.00,0.00,0.00,1317.41,0.01,0.00,0.00,-0.26,-0.34,0,0,1,1,1,0,0,0,0,0
48713,179,5.59,3,0,1,0,3,0,11.73,8.35,5.99,0.00,0.00,0.00,0.00,1317.42,0.01,0.00,0.00,-0.50,0.26,0,0,1,1,1,0,0,0,0,0
48718,184,5.43,3,0,1,0,3,0,11.73,8.35,5.99,0.00,0.00,0.00,0.00,1317.42,0.01,0.01,0.00,-0.69,-1.35,0,0,1,1,1,0,0,0,0,0
48751,217,inf,3,0,1,0,3,0,11.71,8.31,5.99,0.00,0.00,0.00,0.00,1317.42,0.01,0.00,0.00,1.22,1.38,0,0,1,1,1,0,0,1,0,0
48769,235,55.56,3,0,1,0,3,0,11.71,8.31,5.99,0.00,0.00,0.00,0.00,1317.43,0.01,0.01,-0.00,1.00,-0.53,0,0,1,1,1,0,0,1,0,0
48774,240,43.48,3,0,1,0,3,0,11.71,8.31,5.99,0.00,0.00,0.00,0.00,1317.43,0.01,0.00,-0.00,-0.74,1.23,0,0,1,1,1,0,0,1,0,0
48791,257,25.00,3,0,1,0,3,0,11.71,8.31,5.99,0.00,0.00,0.00,0.00,1317.43,0.01,0.00,-0.00,0.34,-0.60,0,0,1,1,1,0,0,1,0,0
48797,263,21.74,3,0,1,0,3,0,11.71,8.31,5.99,0.00,0.00,0.00,0.00,1317.43,0.01,0.01,-0.01,1.45,-1.85,0,0,1,1,1,0,0,1,0,0
48814,280,15.87,3,0,1,0,3,0,11.71,8.31,5.99,0.00,0.00,0.00,0.00,1317.43,0.01,0.01,-0.01,2.22,1.26,0,0,1,1,1,0,0,1,0,0
48819,285,14.71,3,0,1,0,3,0,11.71,8.31,5.99,0.00,0.00,0.00,0.00,1317.43,0.01,0.01,-0.01,-0.08,-3.22,0,0,1,1,1,0,0,1,0,0
48837,303,11.63,3,0,1,0,3,0,11.71,8.31,5.99,0.00,0.00,0.00,0.00,1317.42,0.01,0.01,-0.01,0.23,-0.14,0,0,1,1,1,0,0,1,0,0
48843,309,10.87,3,0,1,0,3,0,11.71,8.31,5.99,0.00,0.00,0.00,0.00,1317.42,0.01,0.01,-0.01,0.80,0.05,0,0,1,1,1,0,0,1,0,0
48860,326,9.17,3,0,1,0,3,0,11.71,8.31,5.99,0.00,0.00,0.00,0.00,1317.41,0.01,0.01,-0.01,1.32,-1.60,0,0,1,1,1,0,0,1,0,0
48865,331,8.77,3,0,1,0,3,0,11.71,8.31,5.99,0.00,0.00,0.00,0.00,1317.41,0.02,0.01,-0.01,2.17,-0.98,0,0,1,1,1,0,0,1,0,0
48883,349,7.58,3,0,1,0,3,0,11.71,8.31,5.99,0.00,0.00,0.00,0.00,1317.41,0.02,0.01,-0.01,0.48,-0.96,0,0,1,1,1,0,0,1,0,0
48888,354,7.30,3,0,1,0,3,0,11.71,8.31,5.99,0.00,0.00,0.00,0.00,1317.41,0.01,0.02,-0.01,0.54,-2.60,0,0,1,1,1,0,0,1,0,0
48905,371,6.49,3,0,1,0,3,0,11.71,8.31,5.99,0.00,0.00,0.00,0.00,1317.40,0.01,0.02,-0.01,0.54,-0.84,0,0,1,1,1,0,0,1,0,0
48911,377,6.25,3,0,1,0,3,0,11.71,8.31,5.99,0.00,0.00,0.00,0.00,1317.40,0.01,0.02,-0.01,1.02,-1.77,0,0,1,1,1,0,0,1,0,0
48928,394,5.65,3,0,1,0,3,0,11.71,8.31,5.99,0.00,0.00,0.00,0.00,1317.39,0.01,0.02,-0.01,1.59,-1.28,0,0,1,1,1,0,0,1,0,0
48934,400,5.46,3,0,1,0,3,0,11.71,8.31,5.99,0.00,0.00,0.00,0.00,1317.39,0.01,0.02,-0.02,1.75,-1.64,0,0,1,1,1,0,0,1,0,0
48951,417,5.00,3,0,1,0,3,0,11.71,8.31,5.99,0.00,0.00,0.00,0.00,1317.38,0.01,0.02,-0.02,1.24,-1.48,0,0,1,1,1,0,0,1,0,0
48971,437,inf,3,0,1,0,3,0,11.69,8.34,5.99,0.00,0.00,0.00,0.00,1317.38,0.01,0.02,-0.01,0.05,-0.99,0,0,1,1,1,0,0,1,0,0
48989,455,55.56,3,0,1,0,3,0,11.69,8.34,5.99,0.00,0.00,0.00,0.00,1317.37,0.01,0.02,-0.01,1.17,-1.75,0,0,1,1,1,0,0,1,0,0
48994,460,43.48,3,0,1,0,3,0,11.69,8.34,5.99,0.00,0.00,0.00,0.00,1317.37,0.01,0.02,-0.01,0.00,-1.11,0,0,1,1,1,0,0,1,0,0
49011,477,25.00,3,0,1,0,3,0,11.69,8.34,5.99,0.00,0.00,0.00,0.00,1317.38,0.01,0.02,-0.01,-0.06,-0.78,0,0,1,1,1,0,0,1,0,0
49018,484,21.28,3,0,1,0,3,0,11.69,8.34,5.99,0.00,0.00,0.00,0.00,1317.38,0.01,0.02,-0.01,1.05,-2.03,0,0,1,1,1,0,0,1,0,0
49035,501,15.62,3,0,1,0,3,0,11.69,8.34,5.99,0.00,0.00,0.00,0.00,1317.39,0.01,0.02,-0.01,2.18,-2.31,0,0,1,1,1,0,0,1,0,0
49040,506,14.49,3,0,1,0,3,0,11.69,8.34,5.99,0.00,0.00,0.00,0.00,1317.39,0.01,0.03,-0.01,1.54,-2.90,0,0,1,1,1,0,0,1,0,0
49058,524,11.49,3,0,1,0,3,0,11.69,8.34,5.99,0.00,0.00,0.00,0.00,1317.39,0.01,0.03,-0.02,1.92,-0.33,0,0,1,1,1,0,0,1,0,0
49063,529,10.87,3,0,1,0,3,0,11.69,8.34,5.99,0.00,0.00,0.00,0.00,1317.39,0.01,0.02,-0.02,1.18,-1.62,0,0,1,1,1,0,0,1,0,0
49080,546,9.17,3,0,1,0,3,0,11.69,8.34,5.99,0.00,0.00,0.00,0.00,1317.37,0.01,0.03,-0.02,1.15,-2.04,0,0,1,1,1,0,0,1,0,0
49086,552,8.70,3,0,1,0,3,0,11.69,8.34,5.99,0.00,0.00,0.00,0.00,1317.37,0.01,0.03,-0.02,2.50,-3.18,0,0,1,1,1,0,0,1,0,0
49103,569,7.58,3,0,1,0,3,0,11.69,8.34,5.99,0.00,0.00,0.00,0.00,1317.36,0.01,0.03,-0.02,1.82,0.68,0,0,1,1,1,0,0,1,0,0
49109,575,7.25,3,0,1,0,3,0,11.69,8.34,5.99,0.00,0.00,0.00,0.00,1317.36,0.01,0.03,-0.02,2.29,-2.37,0,0,1,1,1,0,0,1,0,0
49126,592,6.45,3,0,1,0,3,0,11.69,8.34,5.99,0.00,0.00,0.00,0.00,1317.37,0.01,0.03,-0.02,0.99,-2.68,0,0,1,1,1,0,0,1,0,0
49131,597,6.25,3,0,1,0,3,0,11.69,8.34,5.99,0.00,0.00,0.00,0.00,1317.37,0.02,0.03,-0.02,1.68,-2.73,0,0,1,1,1,0,0,1,0,0
49149,615,5.62,3,0,1,0,3,0,11.69,8.34,5.99,0.00,0.00,0.00,0.00,1317.36,0.02,0.03,-0.02,1.66,-3.19,0,0,1,1,1,0,0,1,0,0
49154,620,5.46,3,0,1,0,3,0,11.69,8.34,5.99,0.00,0.00,0.00,0.00,1317.36,0.02,0.03,-0.03,2.74,-2.98,0,0,1,1,1,0,0,1,0,0
49171,637,5.00,3,0,1,0,3,0,11.69,8.34,5.99,0.00,0.00,0.00,0.00,1317.35,0.02,0.03,-0.03,2.48,-2.86,0,0,1,1,1,0,0,1,0,0
49192,658,inf,3,0,1,0,3,0,11.72,8.34,5.99,0.00,0.00,0.00,0.00,1317.35,0.01,0.03,-0.03,2.53,-1.94,0,0,1,1,1,0,0,1,0,0
49210,676,55.56,3,0,1,0,3,0,11.72,8.34,5.99,0.00,0.00,0.00,0.00,1317.35,0.02,0.03,-0.03,0.97,-1.90,0,0,1,1,1,0,0,1,0,0
49215,681,43.48,3,0,1,0,3,0,11.72,8.34,5.99,0.00,0.00,0.00,0.00,1317.35,0.02,0.03,-0.03,2.58,-1.14,0,0,1,1,1,0,0,1,0,0
49233,699,24.39,3,0,1,0,3,0,11.72,8.34,5.99,0.00,0.00,0.00,0.00,1317.34,0.02,0.03,-0.03,3.15,-1.46,0,0,1,1,1,0,0,1,0,0
49238,704,21.74,3,0,1,0,3,0,11.72,8.34,5.99,0.00,0.00,0.00,0.00,1317.34,0.01,0.02,-0.03,2.75,-1.06,0,0,1,1,1,0,0,1,0,0
49255,721,15.87,3,0,1,0,3,0,11.72,8.34,5.99,0.00,0.00,0.00,0.00,1317.34,0.02,0.03,-0.03,2.01,-4.41,0,0,1,1,1,0,0,1,0,0
49260,726,14.71,3,0,1,0,3,0,11.72,8.34,5.99,0.00,0.00,0.00,0.00,1317.34,0.02,0.03,-0.03,1.69,-3.91,0,0,1,1,1,0,0,1,0,0
49278,744,11.63,3,0,1,0,3,0,11.72,8.34,5.99,0.00,0.00,0.00,0.00,1317.33,0.02,0.03,-0.03,2.45,-2.13,0,0,1,1,1,0,0,1,0,0
49284,750,10.87,3,0,1,0,3,0,11.72,8.34,5.99,0.00,0.00,0.00,0.00,1317.33,0.02,0.03,-0.03,2.06,-1.78,0,0,1,1,1,0,0,1,0,0
49301,767,9.17,3,0,1,0,3,0,11.72,8.34,5.99,0.00,0.00,0.00,0.00,1317.32,0.02,0.03,-0.03,2.26,-2.76,0,0,1,1,1,0,0,1,0,0
49306,772,8.77,3,0,1,0,3,0,11.72,8.34,5.99,0.00,0.00,0.00,0.00,1317.32,0.02,0.03,-0.03,2.46,-3.81,0,0,1,1,1,0,0,1,0,0
49324,790,7.58,3,0,1,0,3,0,11.72,8.34,5.99,0.00,0.00,0.00,0.00,1317.32,0.02,0.03,-0.03,3.42,-1.49,0,0,1,1,1,0,0,1,0,0
49329,795,7.30,3,0,1,0,3,0,11.72,8.34,5.99,0.00,0.00,0.00,0.00,1317.32,0.02,0.03,-0.03,2.62,-1.66,0,0,1,1,1,0,0,1,0,0
49346,812,6.49,3,0,1,0,3,0,11.72,8.34,5.99,0.00,0.00,0.00,0.00,1317.32,0.02,0.03,-0.03,2.71,-2.84,0,0,1,1,1,0,0,1,0,0
49352,818,6.25,3,0,1,0,3,0,11.72,8.34,5.99,0.00,0.00,0.00,0.00,1317.32,0.02,0.03,-0.04,4.38,-2.75,0,0,1,1,1,0,0,1,0,0
49369,835,5.65,3,0,1,0,3,0,11.72,8.34,5.99,0.00,0.00,0.00,0.00,1317.33,0.02,0.03,-0.04,2.53,-2.28,0,0,1,1,1,0,0,1,0,0
49375,841,5.46,3,0,1,0,3,0,11.72,8.34,5.99,0.00,0.00,0.00,0.00,1317.33,0.02,0.03,-0.04,2.69,-1.91,0,0,1,1,1,0,0,1,0,0
49392,858,5.00,3,0,1,0,3,0,11.72,8.34,5.99,0.00,0.00,0.00,0.00,1317.34,0.02,0.03,-0.04,1.85,-2.46,0,0,1,1,1,0,0,1,0,0
49412,878,inf,3,0,1,0,3,0,11.68,8.34,5.99,0.00,0.00,0.00,0.00,1317.34,0.02,0.03,-0.04,3.35,-2.68,0,0,1,1,1,0,0,1,0,0
49430,896,55.56,3,0,1,0,3,0,11.68,8.34,5.99,0.00,0.00,0.00,0.00,1317.34,0.03,0.03,-0.04,3.46,-2.19,0,0,1,1,1,0,0,1,0,0
49435,901,43.48,3,0,1,0,3,0,11.68,8.34,5.99,0.00,0.00,0.00,0.00,1317.34,0.03,0.02,-0.05,4.83,-1.46,0,0,1,1,1,0,0,1,0,0
49452,918,25.00,3,0,1,0,3,0,11.68,8.34,5.99,0.00,0.00,0.00,0.00,1317.34,0.03,0.03,-0.05,2.74,-3.53,0,0,1,1,1,0,0,1,0,0
49459,925,21.28,3,0,1,0,3,0,11.68,8.34,5.99,0.00,0.00,0.00,0.00,1317.34,0.03,0.03,-0.05,4.03,-2.39,0,0,1,1,1,0,0,1,0,0
49476,942,15.62,3,0,1,0,3,0,11.68,8.34,5.99,0.00,0.00,0.00,0.00,1317.34,0.03,0.03,-0.05,4.57,-2.83,0,0,1,1,1,0,0,1,0,0
49481,947,14.49,3,0,1,0,3,0,11.68,8.34,5.99,0.00,0.00,0.00,0.00,1317.34,0.03,0.02,-0.05,4.94,-1.44,0,0,1,1,1,0,0,1,0,0
49499,965,11.49,3,0,1,0,3,0,11.68,8.34,5.99,0.00,0.00,0.00,0.00,1317.33,0.03,0.02,-0.05,4.96,-4.09,0,0,1,1,1,0,0,1,0,0
49504,970,10.87,3,0,1,0,3,0,11.68,8.34,5.99,0.00,0.00,0.00,0.00,1317.33,0.03,0.02,-0.06,4.89,-1.93,0,0,1,1,1,0,0,1,0,0
49521,987,9.17,3,0,1,0,3,0,11.68,8.34,5.99,0.00,0.00,0.00,0.00,1317.32,0.03,0.02,-0.06,5.41,-3.21,0,0,1,1,1,0,0,1,0,0
49527,993,8.70,3,0,1,0,3,0,11.68,8.34,5.99,0.00,0.00,0.00,0.00,1317.32,0.03,0.03,-0.06,4.03,-3.87,0,0,1,1,1,0,0,1,0,0
49544,1010,7.58,3,0,1,0,3,0,11.68,8.34,5.99,0.00,0.00,0.00,0.00,1317.31,0.03,0.03,-0.06,3.78,-2.02,0,0,1,1,1,0,0,1,0,0
49550,1016,7.25,3,0,1,0,3,0,11.68,8.34,5.99,0.00,0.00,0.00,0.00,1317.31,0.03,0.02,-0.06,4.42,-0.80,0,0,1,1,1,0,0,1,0,0
49567,1033,6.45,3,0,1,0,3,0,11.68,8.34,5.99,0.00,0.00,0.00,0.00,1317.30,0.03,0.02,-0.06,4.35,-1.37,0,0,1,1,1,0,0,1,0,0
49572,1038,6.25,3,0,1,0,3,0,11.68,8.34,5.99,0.00,0.00,0.00,0.00,1317.30,0.02,0.03,-0.06,5.55,-3.63,0,0,1,1,1,0,0,1,0,0
49590,1056,5.62,3,0,1,0,3,0,11.68,8.34,5.99,0.00,0.00,0.00,0.00,1317.30,0.02,0.03,-0.06,5.49,-2.40,0,0,1,1,1,0,0,1,0,0
49595,1061,5.46,3,0,1,0,3,0,11.68,8.34,5.99,0.00,0.00,0.00,0.00,1317.30,0.03,0.03,-0.06,4.02,-2.85,0,0,1,1,1,0,0,1,0,0
49612,1078,5.00,3,0,1,0,3,0,11.68,8.34,5.99,0.00,0.00,0.00,0.00,1317.29,0.03,0.03,-0.06,5.39,-3.43,0,0,1,1,1,0,0,1,0,0
49633,1099,inf,3,0,1,0,3,0,11.37,8.34,5.97,0.00,0.00,0.00,0.00,1317.29,0.03,0.03,-0.06,3.69,-2.05,1,1,1,1,1,0,0,1,0,0
49651,1117,55.56,3,0,1,0,3,0,11.37,8.34,5.97,0.00,0.00,0.00,0.00,1317.29,0.02,0.03,-0.06,5.08,-3.62,1,1,1,1,1,0,0,1,0,0
49656,1122,43.48,3,0,1,0,3,0,11.37,8.34,5.97,0.00,0.00,0.00,0.00,1317.29,0.02,0.03,-0.06,5.21,-1.68,1,1,1,1,1,0,0,1,0,0
49674,1140,24.39,3,0,1,0,3,0,11.37,8.34,5.97,0.00,0.00,0.00,0.00,1317.29,0.02,0.03,-0.06,5.34,-3.14,1,1,1,1,1,0,0,1,0,0
49679,1145,21.74,3,0,1,0,3,0,11.37,8.34,5.97,0.00,0.00,0.00,0.00,1317.29,0.02,0.03,-0.06,5.32,-2.75,1,1,1,1,1,0,0,1,0,0
49696,1162,15.87,3,0,1,0,3,0,11.37,8.34,5.97,0.00,0.00,0.00,0.00,1317.28,0.02,0.03,-0.06,5.44,-2.70,1,1,1,1,1,0,0,1,0,0
49701,1167,14.71,3,0,1,0,3,0,11.37,8.34,5.97,0.00,0.00,0.00,0.00,1317.28,0.02,0.03,-0.06,5.12,-3.71,1,1,1,1,1,0,0,1,0,0
49719,1185,11.63,3,0,1,0,3,0,11.37,8.34,5.97,0.00,0.00,0.00,0.00,1317.27,0.02,0.03,-0.06,5.63,-3.55,1,1,1,1,1,0,0,1,0,0
49725,1191,10.87,3,0,1,0,3,0,11.37,8.34,5.97,0.00,0.00,0.00,0.00,1317.27,0.02,0.03,-0.06,4.27,-2.44,1,1,1,1,1,0,0,1,0,0
49742,1208,9.17,3,0,1,0,3,0,11.37,8.34,5.97,0.00,0.00,0.00,0.00,1317.25,0.03,0.03,-0.06,4.88,-2.40,1,1,1,1,1,0,0,1,0,0
49747,1213,8.77,3,0,1,0,3,0,11.37,8.34,5.97,0.00,0.00,0.00,0.00,1317.25,0.02,0.02,-0.06,4.66,-1.74,1,1,1,1,1,0,0,1,0,0
49765,1231,7.58,3,0,1,0,3,0,11.37,8.34,5.97,0.00,0.00,0.00,0.00,1317.23,0.03,0.02,-0.06,5.12,-2.14,1,1,1,1,1,0,0,1,0,0
49770,1236,7.30,3,0,1,0,3,0,11.37,8.34,5.97,0.00,0.00,0.00,0.00,1317.23,0.03,0.02,-0.06,6.46,-1.81,1,1,1,1,1,0,0,1,0,0
49787,1253,6.49,3,0,1,0,3,0,11.37,8.34,5.97,0.00,0.00,0.00,0.00,1317.22,0.02,0.02,-0.06,5.29,-2.08,1,1,1,1,1,0,0,1,0,0
49792,1258,6.29,3,0,1,0,3,0,11.37,8.34,5.97,0.00,0.00,0.00,0.00,1317.22,0.03,0.02,-0.07,6.62,-3.59,1,1,1,1,1,0,0,1,0,0
49810,1276,5.65,3,0,1,0,3,0,11.37,8.34,5.97,0.00,0.00,0.00,0.00,1317.22,0.03,0.02,-0.07,4.61,-3.25,1,1,1,1,1,0,0,1,0,0
49816,1282,5.46,3,0,1,0,3,0,11.37,8.34,5.97,0.00,0.00,0.00,0.00,1317.22,0.03,0.02,-0.07,6.34,-2.15,1,1,1,1,1,0,0,1,0,0
49833,1299,5.00,3,0,1,0,3,0,11.37,8.34,5.97,0.00,0.00,0.00,0.00,1317.21,0.03,0.02,-0.07,7.75,-2.88,1,1,1,1,1,0,0,1,0,0
49853,1319,inf,3,0,1,0,3,0,11.55,8.33,5.99,0.00,0.00,0.00,0.00,1317.21,0.02,0.02,-0.07,5.95,-1.39,0,0,1,1,1,0,0,1,0,0
49871,1337,55.56,3,0,1,0,3,0,11.55,8.33,5.99,0.00,0.00,0.00,0.00,1317.22,0.02,0.02,-0.07,7.24,-3.74,0,0,1,1,1,0,0,1,0,0
49876,1342,43.48,3,0,1,0,3,0,11.55,8.33,5.99,0.00,0.00,0.00,0.00,1317.22,0.02,0.02,-0.08,6.87,-2.05,0,0,1,1,1,0,0,1,0,0
49893,1359,25.00,3,0,1,0,3,0,11.55,8.33,5.99,0.00,0.00,0.00,0.00,1317.22,0.02,0.02,-0.08,6.22,-5.52,0,0,1,1,1,0,0,1,0,0
49900,1366,21.28,3,0,1,0,3,0,11.55,8.33,5.99,0.00,0.00,0.00,0.00,1317.22,0.02,0.02,-0.08,6.54,-2.43,0,0,1,1,1,0,0,1,0,0
49917,1383,15.62,3,0,1,0,3,0,11.55,8.33,5.99,0.00,0.00,0.00,0.00,1317.21,0.02,0.02,-0.08,7.34,-4.19,0,0,1,1,1,0,0,1,0,0
49922,1388,14.49,3,0,1,0,3,0,11.55,8.33,5.99,0.00,0.00,0.00,0.00,1317.21,0.02,0.02,-0.08,7.94,-1.55,0,0,1,1,1,0,0,1,0,0
49940,1406,11.49,3,0,1,0,3,0,11.55,8.33,5.99,0.00,0.00,0.00,0.00,1317.20,0.02,0.02,-0.08,6.79,-3.12,0,0,1,1,1,0,0,1,0,0
49945,1411,10.87,3,0,1,0,3,0,11.55,8.33,5.99,0.00,0.00,0.00,0.00,1317.20,0.03,0.02,-0.08,7.85,-2.53,0,0,1,1,1,0,0,1,0,0
49962,1428,9.17,3,0,1,0,3,0,11.55,8.33,5.99,0.00,0.00,0.00,0.00,1317.18,0.03,0.02,-0.08,5.85,-3.12,0,0,1,1,1,0,0,1,0,0
49968,1434,8.70,3,0,1,0,3,0,11.55,8.33,5.99,0.00,0.00,0.00,0.00,1317.18,0.02,0.02,-0.08,7.11,-2.70,0,0,1,1,1,0,0,1,0,0
49985,1451,7.58,3,0,1,0,3,0,11.55,8.33,5.99,0.00,0.00,0.00,0.00,1317.17,0.02,0.02,-0.08,7.43,-1.18,0,0,1,1,1,0,0,1,0,0
49991,1457,7.25,3,0,1,0,3,0,11.55,8.33,5.99,0.00,0.00,0.00,0.00,1317.17,0.02,0.02,-0.08,7.15,-2.37,0,0,1,1,1,0,0,1,0,0
50008,1474,6.45,3,0,1,0,3,0,11.55,8.33,5.99,0.00,0.00,0.00,0.00,1317.17,0.03,0.02,-0.08,5.44,-3.85,0,0,1,1,1,0,0,1,0,0
50013,1479,6.25,3,0,1,0,3,0,11.55,8.33,5.99,0.00,0.00,0.00,0.00,1317.17,0.02,0.02,-0.08,7.73,-2.82,0,0,1,1,1,0,0,1,0,0
50031,1497,5.62,3,0,1,0,3,0,11.55,8.33,5.99,0.00,0.00,0.00,0.00,1317.16,0.03,0.02,-0.08,8.37,-3.33,0,0,1,1,1,0,0,1,0,0
50036,1502,5.46,3,0,1,0,3,0,11.55,8.33,5.99,0.00,0.00,0.00,0.00,1317.16,0.02,0.02,-0.08,8.37,-2.94,0,0,1,1,1,0,0,1,0,0
50053,1519,5.00,3,0,1,0,3,0,11.55,8.33,5.99,0.00,0.00,0.00,0.00,1317.15,0.02,0.02,-0.09,8.14,-2.76,0,0,1,1,1,0,0,1,0,0
50074,1540,inf,3,0,1,0,3,0,11.29,8.33,5.98,0.00,0.00,0.00,0.00,1317.15,0.02,0.03,-0.09,8.41,-4.34,1,1,1,1,1,0,0,1,0,0
50092,1558,55.56,3,0,1,0,3,0,11.29,8.33,5.98,0.00,0.00,0.00,0.00,1317.15,0.02,0.02,-0.09,9.80,-2.04,1,1,1,1,1,0,0,1,0,0
50097,1563,43.48,3,0,1,0,3,0,11.29,8.33,5.98,0.00,0.00,0.00,0.00,1317.15,0.02,0.01,-0.09,7.27,-0.95,1,1,1,1,1,0,0,1,0,0
50115,1581,24.39,3,0,1,0,3,0,11.29,8.33,5.98,0.00,0.00,0.00,0.00,1317.15,0.02,0.01,-0.09,8.70,-1.53,1,1,1,1,1,0,0,1,0,0
50120,1586,21.74,3,0,1,0,3,0,11.29,8.33,5.98,0.00,0.00,0.00,0.00,1317.15,0.02,0.01,-0.09,9.31,-1.61,1,1,1,1,1,0,0,1,0,0
50137,1603,15.87,3,0,1,0,3,0,11.29,8.33,5.98,0.00,0.00,0.00,0.00,1317.15,0.02,0.01,-0.09,7.74,-1.71,1,1,1,1,1,0,0,1,0,0
50142,1608,14.71,3,0,1,0,3,0,11.29,8.33,5.98,0.00,0.00,0.00,0.00,1317.15,0.02,0.01,-0.09,8.12,-2.15,1,1,1,1,1,0,0,1,0,0
50160,1626,11.63,3,0,1,0,3,0,11.29,8.33,5.98,0.00,0.00,0.00,0.00,1317.14,0.02,0.01,-0.09,9.13,-1.78,1,1,1,1,1,0,0,1,0,0
50166,1632,10.87,3,0,1,0,3,0,11.29,8.33,5.98,0.00,0.00,0.00,0.00,1317.14,0.02,0.01,-0.09,8.60,-2.66,1,1,1,1,1,0,0,1,0,0
50183,1649,9.17,3,0,1,0,3,0,11.29,8.33,5.98,0.00,0.00,0.00,0.00,1317.16,0.02,0.01,-0.09,9.33,-2.58,1,1,1,1,1,0,0,1,0,0
50188,1654,8.77,3,0,1,0,3,0,11.29,8.33,5.98,0.00,0.00,0.00,0.00,1317.16,0.02,0.01,-0.09,8.61,-1.65,1,1,1,1,1,0,0,1,0,0
50206,1672,7.58,3,0,1,0,3,0,11.29,8.33,5.98,0.00,0.00,0.00,0.00,1317.16,0.02,0.01,-0.09,7.90,-2.93,1,1,1,1,1,0,0,1,0,0
50211,1677,7.30,3,0,1,0,3,0,11.29,8.33,5.98,0.00,0.00,0.00,0.00,1317.16,0.02,0.01,-0.09,7.57,-3.49,1,1,1,1,1,0,0,1,0,0
50228,1694,6.49,3,0,1,0,3,0,11.29,8.33,5.98,0.00,0.00,0.00,0.00,1317.16,0.02,0.01,-0.09,8.82,-3.70,1,1,1,1,1,0,0,1,0,0
50234,1700,6.25,3,0,1,0,3,0,11.29,8.33,5.98,0.00,0.00,0.00,0.00,1317.16,0.03,0.01,-0.09,9.20,0.05,1,1,1,1,1,0,0,1,0,0
50251,1717,5.65,3,0,1,0,3,0,11.29,8.33,5.98,0.00,0.00,0.00,0.00,1317.15,0.03,0.01,-0.09,9.16,-3.28,1,1,1,1,1,0,0,1,0,0
50257,1723,5.46,3,0,1,0,3,0,11.29,8.33,5.98,0.00,0.00,0.00,0.00,1317.15,0.02,0.00,-0.09,10.03,-1.52,1,1,1,1,1,0,0,1,0,0
50274,1740,5.00,3,0,1,0,3,0,11.29,8.33,5.98,0.00,0.00,0.00,0.00,1317.14,0.02,0.00,-0.09,9.58,-0.77,1,1,1,1,1,0,0,1,0,0
50294,1760,inf,3,0,1,0,3,0,11.67,8.31,5.99,0.00,0.00,0.00,0.00,1317.14,0.02,0.01,-0.09,9.10,-3.17,0,0,1,1,1,0,0,1,0,0
50312,1778,55.56,3,0,1,0,3,0,11.67,8.31,5.99,0.00,0.00,0.00,0.00,1317.14,0.02,0.01,-0.10,11.40,-2.16,0,0,1,1,1,0,0,1,0,0
50317,1783,43.48,3,0,1,0,3,0,11.67,8.31,5.99,0.00,0.00,0.00,0.00,1317.14,0.02,0.01,-0.10,9.41,-2.20,0,0,1,1,1,0,0,1,0,0
50334,1800,25.00,3,0,1,0,3,0,11.67,8.31,5.99,0.00,0.00,0.00,0.00,1317.15,0.02,0.01,-0.10,9.57,-2.04,0,0,1,1,1,0,0,1,0,0
50341,1807,21.28,3,0,1,0,3,0,11.67,8.31,5.99,0.00,0.00,0.00,0.00,1317.15,0.02,0.01,-0.10,11.32,-2.33,0,0,1,1,1,0,0,1,0,0
50358,1824,15.62,3,0,1,0,3,0,11.67,8.31,5.99,0.00,0.00,0.00,0.00,1317.15,0.02,0.01,-0.10,9.48,-3.38,0,0,1,1,1,0,0,1,0,0
50363,1829,14.49,3,0,1,0,3,0,11.67,8.31,5.99,0.00,0.00,0.00,0.00,1317.15,0.03,0.01,-0.11,11.63,-2.83,0,0,1,1,1,0,0,1,0,0
50381,1847,11.49,3,0,1,0,3,0,11.67,8.31,5.99,0.00,0.00,0.00,0.00,1317.15,0.03,0.01,-0.11,11.32,-3.20,0,0,1,1,1,0,0,1,0,0
50386,1852,10.87,3,0,1,0,3,0,11.67,8.31,5.99,0.00,0.00,0.00,0.00,1317.15,0.03,0.01,-0.11,12.80,-2.47,0,0,1,1,1,0,0,1,0,0
50403,1869,9.17,3,0,1,0,3,0,11.67,8.31,5.99,0.00,0.00,0.00,0.00,1317.14,0.03,0.01,-0.11,11.16,-1.93,0,0,1,1,1,0,0,1,0,0
50409,1875,8.70,3,0,1,0,3,0,11.67,8.31,5.99,0.00,0.00,0.00,0.00,1317.14,0.02,0.01,-0.11,10.76,-1.61,0,0,1,1,1,0,0,1,0,0
50426,1892,7.58,3,0,1,0,3,0,11.67,8.31,5.99,0.00,0.00,0.00,0.00,1317.14,0.02,0.01,-0.11,11.15,-3.08,0,0,1,1,1,0,0,1,0,0
50432,1898,7.25,3,0,1,0,3,0,11.67,8.31,5.99,0.00,0.00,0.00,0.00,1317.14,0.02,0.01,-0.11,10.96,-1.44,0,0,1,1,1,0,0,1,0,0
50449,1915,6.45,3,0,1,0,3,0,11.67,8.31,5.99,0.00,0.00,0.00,0.00,1317.13,0.02,0.01,-0.11,11.04,-3.06,0,0,1,1,1,0,0,1,0,0
50454,1920,6.25,3,0,1,0,3,0,11.67,8.31,5.99,0.00,0.00,0.00,0.00,1317.13,0.02,0.01,-0.11,11.23,-2.21,0,0,1,1,1,0,0,1,0,0
50472,1938,5.62,3,0,1,0,3,0,11.67,8.31,5.99,0.00,0.00,0.00,0.00,1317.13,0.01,0.01,-0.11,11.41,-1.61,0,0,1,1,1,0,0,1,0,0
50477,1943,5.46,3,0,1,0,3,0,11.67,8.31,5.99,0.00,0.00,0.00,0.00,1317.13,0.01,0.01,-0.11,11.55,-2.99,0,0,1,1,1,0,0,1,0,0
50494,1960,5.00,3,0,1,0,3,0,11.67,8.31,5.99,0.00,0.00,0.00,0.00,1317.13,0.01,0.01,-0.11,12.54,-1.63,0,0,1,1,1,0,0,1,0,0
50515,1981,inf,3,0,1,0,3,0,11.71,8.32,5.99,0.00,0.00,0.00,0.00,1317.13,0.02,0.02,-0.11,11.20,-4.68,0,0,1,1,1,0,0,1,0,0
50533,1999,55.56,3,0,1,0,3,0,11.71,8.32,5.99,0.00,0.00,0.00,0.00,1317.13,0.02,0.01,-0.11,11.14,-2.42,0,0,1,1,1,0,0,1,0,0
50538,2004,43.48,3,0,1,0,3,0,11.71,8.32,5.99,0.00,0.00,0.00,0.00,1317.13,0.02,0.01,-0.11,11.22,-1.17,0,0,1,1,1,0,0,1,0,0
50555,2021,25.00,3,0,1,0,3,0,11.71,8.32,5.99,0.00,0.00,0.00,0.00,1317.12,0.02,0.01,-0.11,10.54,-4.07,0,0,1,1,1,0,0,1,0,0
50561,2027,21.74,3,0,1,0,3,0,11.71,8.32,5.99,0.00,0.00,0.00,0.00,1317.12,0.02,0.01,-0.10,11.03,-2.73,0,0,1,1,1,0,0,1,0,0
50578,2044,15.87,3,0,1,0,3,0,11.71,8.32,5.99,0.00,0.00,0.00,0.00,1317.11,0.02,0.01,-0.10,11.44,-3.74,0,0,1,1,1,0,0,1,0,0
50583,2049,14.71,3,0,1,0,3,0,11.71,8.32,5.99,0.00,0.00,0.00,0.00,1317.11,0.02,0.02,-0.11,12.34,-4.33,0,0,1,1,1,0,0,1,0,0
50600,2066,11.63,3,0,1,0,3,0,11.71,8.32,5.99,0.00,0.00,0.00,0.00,1317.11,0.02,0.02,-0.11,12.51,-2.96,0,0,1,1,1,0,0,1,0,0
50607,2073,10.87,3,0,1,0,3,0,11.71,8.32,5.99,0.00,0.00,0.00,0.00,1317.11,0.02,0.02,-0.11,12.25,-3.47,0,0,1,1,1,0,0,1,0,0
50624,2090,9.17,3,0,1,0,3,0,11.71,8.32,5.99,0.00,0.00,0.00,0.00,1317.10,0.02,0.02,-0.11,13.32,-3.40,0,0,1,1,1,0,0,1,0,0
50629,2095,8.77,3,0,1,0,3,0,11.71,8.32,5.99,0.00,0.00,0.00,0.00,1317.10,0.02,0.02,-0.11,12.47,-3.55,0,0,1,1,1,0,0,1,0,0
50647,2113,7.58,3,0,1,0,3,0,11.71,8.32,5.99,0.00,0.00,0.00,0.00,1317.09,0.02,0.02,-0.11,11.88,-3.99,0,0,1,1,1,0,0,1,0,0
50652,2118,7.30,3,0,1,0,3,0,11.71,8.32,5.99,0.00,0.00,0.00,0.00,1317.09,0.02,0.02,-0.11,11.34,-4.03,0,0,1,1,1,0,0,1,0,0
50669,2135,6.49,3,0,1,0,3,0,11.71,8.32,5.99,0.00,0.00,0.00,0.00,1317.09,0.02,0.02,-0.11,12.24,-3.57,0,0,1,1,1,0,0,1,0,0
50675,2141,6.25,3,0,1,0,3,0,11.71,8.32,5.99,0.00,0.00,0.00,0.00,1317.09,0.02,0.03,-0.11,14.06,-5.15,0,0,1,1,1,0,0,1,0,0
50692,2158,5.65,3,0,1,0,3,0,11.71,8.32,5.99,0.00,0.00,0.00,0.00,1317.09,0.02,0.03,-0.11,12.78,-4.38,0,0,1,1,1,0,0,1,0,0
50698,2164,5.46,3,0,1,0,3,0,11.71,8.32,5.99,0.00,0.00,0.00,0.00,1317.09,0.02,0.03,-0.11,12.48,-4.73,0,0,1,1,1,0,0,1,0,0
50715,2181,5.00,3,0,1,0,3,0,11.71,8.32,5.99,0.00,0.00,0.00,0.00,1317.09,0.02,0.03,-0.11,12.86,-4.36,0,0,1,1,1,0,0,1,0,0
50735,2201,inf,3,0,1,0,3,0,11.68,8.33,5.99,0.00,0.00,0.00,0.00,1317.09,0.02,0.04,-0.11,12.62,-4.71,0,0,1,1,1,0,0,1,0,0
50753,2219,55.56,3,0,1,0,3,0,11.68,8.33,5.99,0.00,0.00,0.00,0.00,1317.10,0.02,0.04,-0.11,11.99,-5.40,0,0,1,1,1,0,0,1,0,0
50758,2224,43.48,3,0,1,0,3,0,11.68,8.33,5.99,0.00,0.00,0.00,0.00,1317.10,0.02,0.04,-0.11,12.55,-3.69,0,0,1,1,1,0,0,1,0,0
50775,2241,25.00,3,0,1,0,3,0,11.68,8.33,5.99,0.00,0.00,0.00,0.00,1317.09,0.02,0.04,-0.11,13.20,-5.56,0,0,1,1,1,0,0,1,0,0
50782,2248,21.28,3,0,1,0,3,0,11.68,8.33,5.99,0.00,0.00,0.00,0.00,1317.09,0.02,0.04,-0.11,14.08,-3.39,0,0,1,1,1,0,0,1,0,0
50799,2265,15.62,3,0,1,0,3,0,11.68,8.33,5.99,0.00,0.00,0.00,0.00,1317.09,0.02,0.04,-0.11,13.49,-5.64,0,0,1,1,1,0,0,1,0,0
50804,2270,14.49,3,0,1,0,3,0,11.68,8.33,5.99,0.00,0.00,0.00,0.00,1317.09,0.02,0.04,-0.11,14.00,-4.47,0,0,1,1,1,0,0,1,0,0
50822,2288,11.49,3,0,1,0,3,0,11.68,8.33,5.99,0.00,0.00,0.00,0.00,1317.09,0.02,0.04,-0.12,14.41,-4.04,0,0,1,1,1,0,0,1,0,0
50827,2293,10.87,3,0,1,0,3,0,11.68,8.33,5.99,0.00,0.00,0.00,0.00,1317.09,0.02,0.03,-0.12,14.06,-2.29,0,0,1,1,1,0,0,1,0,0
50844,2310,9.17,3,0,1,0,3,0,11.68,8.33,5.99,0.00,0.00,0.00,0.00,1317.09,0.02,0.03,-0.12,14.29,-2.15,0,0,1,1,1,0,0,1,0,0
50850,2316,8.70,3,0,1,0,3,0,11.68,8.33,5.99,0.00,0.00,0.00,0.00,1317.09,0.02,0.03,-0.12,15.27,-5.64,0,0,1,1,1,0,0,1,0,0
50867,2333,7.58,3,0,1,0,3,0,11.68,8.33,5.99,0.00,0.00,0.00,0.00,1317.08,0.02,0.03,-0.12,14.74,-4.20,0,0,1,1,1,0,0,1,0,0
50873,2339,7.25,3,0,1,0,3,0,11.68,8.33,5.99,0.00,0.00,0.00,0.00,1317.08,0.03,0.04,-0.13,15.57,-5.21,0,0,1,1,1,0,0,1,0,0
50890,2356,6.45,3,0,1,0,3,0,11.68,8.33,5.99,0.00,0.00,0.00,0.00,1317.08,0.03,0.04,-0.13,14.50,-4.83,0,0,1,1,1,0,0,1,0,0
50895,2361,6.25,3,0,1,0,3,0,11.68,8.33,5.99,0.00,0.00,0.00,0.00,1317.08,0.03,0.04,-0.13,15.63,-5.50,0,0,1,1,1,0,0,1,0,0
50913,2379,5.62,3,0,1,0,3,0,11.68,8.33,5.99,0.00,0.00,0.00,0.00,1317.08,0.03,0.04,-0.13,15.61,-4.92,0,0,1,1,1,0,0,1,0,0
50918,2384,5.46,3,0,1,0,3,0,11.68,8.33,5.99,0.00,0.00,0.00,0.00,1317.08,0.03,0.04,-0.13,14.22,-5.20,0,0,1,1,1,0,0,1,0,0
50935,2401,5.00,3,0,1,0,3,0,11.68,8.33,5.99,0.00,0.00,0.00,0.00,1317.08,0.03,0.04,-0.13,14.85,-4.89,0,0,1,1,1,0,0,1,0,0
50956,2422,inf,3,0,1,0,3,0,11.47,8.34,5.98,0.00,0.00,0.00,0.00,1317.08,0.03,0.04,-0.13,15.12,-5.67,1,1,1,1,1,0,0,1,0,0
50974,2440,55.56,3,0,1,0,3,0,11.47,8.34,5.98,0.00,0.00,0.00,0.00,1317.08,0.03,0.04,-0.13,15.09,-3.81,1,1,1,1,1,0,0,1,0,0
50979,2445,43.48,3,0,1,0,3,0,11.47,8.34,5.98,0.00,0.00,0.00,0.00,1317.08,0.04,0.04,-0.13,14.83,-5.23,1,1,1,1,1,0,0,1,0,0
50996,2462,25.00,3,0,1,0,3,0,11.47,8.34,5.98,0.00,0.00,0.00,0.00,1317.10,0.04,0.04,-0.13,15.00,-4.26,1,1,1,1,1,0,0,1,0,0
51002,2468,21.74,3,0,1,0,3,0,11.47,8.34,5.98,0.00,0.00,0.00,0.00,1317.10,0.04,0.04,-0.13,16.39,-4.47,1,1,1,1,1,0,0,1,0,0
51019,2485,15.87,3,0,1,0,3,0,11.47,8.34,5.98,0.00,0.00,0.00,0.00,1317.08,0.04,0.04,-0.13,16.47,-3.73,1,1,1,1,1,0,0,1,0,0
51024,2490,14.71,3,0,1,0,3,0,11.47,8.34,5.98,0.00,0.00,0.00,0.00,1317.08,0.04,0.03,-0.14,18.27,-3.81,1,1,1,1,1,0,0,1,0,0
51042,2508,11.63,3,0,1,0,3,0,11.47,8.34,5.98,0.00,0.00,0.00,0.00,1317.08,0.04,0.03,-0.14,17.61,-4.63,1,1,1,1,1,0,0,1,0,0
51048,2514,10.87,3,0,1,0,3,0,11.47,8.34,5.98,0.00,0.00,0.00,0.00,1317.08,0.05,0.04,-0.14,15.97,-5.47,1,1,1,1,1,0,0,1,0,0
51065,2531,9.17,3,0,1,0,3,0,11.47,8.34,5.98,0.00,0.00,0.00,0.00,1317.07,0.05,0.04,-0.14,16.31,-4.62,1,1,1,1,1,0,0,1,0,0
51070,2536,8.77,3,0,1,0,3,0,11.47,8.34,5.98,0.00,0.00,0.00,0.00,1317.07,0.05,0.03,-0.14,17.69,-4.04,1,1,1,1,1,0,0,1,0,0
51088,2554,7.58,3,0,1,0,3,0,11.47,8.34,5.98,0.00,0.00,0.00,0.00,1317.08,0.05,0.03,-0.14,17.21,-3.56,1,1,1,1,1,0,0,1,0,0
51093,2559,7.30,3,0,1,0,3,0,11.47,8.34,5.98,0.00,0.00,0.00,0.00,1317.08,0.05,0.04,-0.14,16.31,-6.51,1,1,1,1,1,0,0,1,0,0
51110,2576,6.49,3,0,1,0,3,0,11.47,8.34,5.98,0.00,0.00,0.00,0.00,1317.06,0.05,0.04,-0.14,17.49,-5.54,1,1,1,1,1,0,0,1,0,0
51116,2582,6.25,3,0,1,0,3,0,11.47,8.34,5.98,0.00,0.00,0.00,0.00,1317.06,0.05,0.04,-0.14,17.78,-4.49,1,1,1,1,1,0,0,1,0,0
51133,2599,5.65,3,0,1,0,3,0,11.47,8.34,5.98,0.00,0.00,0.00,0.00,1317.08,0.05,0.04,-0.14,18.87,-5.02,1,1,1,1,1,0,0,1,0,0
51139,2605,5.46,3,0,1,0,3,0,11.47,8.34,5.98,0.00,0.00,0.00,0.00,1317.08,0.05,0.04,-0.14,17.42,-4.56,1,1,1,1,1,0,0,1,0,0
51156,2622,5.00,3,0,1,0,3,0,11.47,8.34,5.98,0.00,0.00,0.00,0.00,1317.08,0.05,0.03,-0.14,17.75,-3.92,1,1,1,1,1,0,0,1,0,0
51176,2642,inf,3,0,1,0,3,0,11.67,8.34,5.99,0.00,0.00,0.00,0.00,1317.08,0.05,0.03,-0.15,18.38,-3.64,0,0,1,1,1,0,0,1,0,0
51194,2660,55.56,3,0,1,0,3,0,11.67,8.34,5.99,0.00,0.00,0.00,0.00,1317.06,0.05,0.03,-0.15,18.56,-3.67,0,0,1,1,1,0,0,1,0,0
51199,2665,43.48,3,0,1,0,3,0,11.67,8.34,5.99,0.00,0.00,0.00,0.00,1317.06,0.06,0.03,-0.15,17.17,-4.24,0,0,1,1,1,0,0,1,0,0
51216,2682,25.00,3,0,1,0,3,0,11.67,8.34,5.99,0.00,0.00,0.00,0.00,1317.06,0.06,0.03,-0.15,17.49,-4.95,0,0,1,1,1,0,0,1,0,0
51223,2689,21.28,3,0,1,0,3,0,11.67,8.34,5.99,0.00,0.00,0.00,0.00,1317.06,0.05,0.03,-0.15,19.95,-4.42,0,0,1,1,1,0,0,1,0,0
51240,2706,15.62,3,0,1,0,3,0,11.67,8.34,5.99,0.00,0.00,0.00,0.00,1317.06,0.05,0.03,-0.15,19.58,-4.81,0,0,1,1,1,0,0,1,0,0
51245,2711,14.49,3,0,1,0,3,0,11.67,8.34,5.99,0.00,0.00,0.00,0.00,1317.06,0.05,0.03,-0.15,17.86,-5.42,0,0,1,1,1,0,0,1,0,0
51263,2729,11.49,3,0,1,0,3,0,11.67,8.34,5.99,0.00,0.00,0.00,0.00,1317.08,0.05,0.03,-0.15,19.01,-5.62,0,0,1,1,1,0,0,1,0,0
51268,2734,10.87,3,0,1,0,3,0,11.67,8.34,5.99,0.00,0.00,0.00,0.00,1317.08,0.05,0.03,-0.15,19.01,-6.27,0,0,1,1,1,0,0,1,0,0
51285,2751,9.17,3,0,1,0,3,0,11.67,8.34,5.99,0.00,0.00,0.00,0.00,1317.07,0.05,0.03,-0.15,19.44,-4.35,0,0,1,1,1,0,0,1,0,0
51291,2757,8.70,3,0,1,0,3,0,11.67,8.34,5.99,0.00,0.00,0.00,0.00,1317.07,0.05,0.04,-0.16,20.01,-5.95,0,0,1,1,1,0,0,1,0,0
51308,2774,7.58,3,0,1,0,3,0,11.67,8.34,5.99,0.00,0.00,0.00,0.00,1317.07,0.05,0.04,-0.15,17.30,-7.66,0,0,1,1,1,0,0,1,0,0
51314,2780,7.25,3,0,1,0,3,0,11.67,8.34,5.99,0.00,0.00,0.00,0.00,1317.07,0.06,0.04,-0.15,19.47,-4.95,0,0,1,1,1,0,0,1,0,0
51331,2797,6.45,3,0,1,0,3,0,11.67,8.34,5.99,0.00,0.00,0.00,0.00,1317.07,0.06,0.04,-0.15,18.94,-5.98,0,0,1,1,1,0,0,1,0,0
51336,2802,6.25,3,0,1,0,3,0,11.67,8.34,5.99,0.00,0.00,0.00,0.00,1317.07,0.06,0.03,-0.15,18.74,-3.57,0,0,1,1,1,0,0,1,0,0
51354,2820,5.62,3,0,1,0,3,0,11.67,8.34,5.99,0.00,0.00,0.00,0.00,1317.06,0.06,0.03,-0.15,19.56,-3.46,0,0,1,1,1,0,0,1,0,0
51359,2825,5.46,3,0,1,0,3,0,11.67,8.34,5.99,0.00,0.00,0.00,0.00,1317.06,0.06,0.03,-0.15,20.27,-5.48,0,0,1,1,1,0,0,1,0,0
51376,2842,5.00,3,0,1,0,3,0,11.67,8.34,5.99,0.00,0.00,0.00,0.00,1317.07,0.06,0.03,-0.15,20.84,-4.31,0,0,1,1,1,0,0,1,0,0
51396,2862,inf,3,0,1,0,3,0,11.70,8.34,5.99,0.00,0.00,0.00,0.00,1317.07,0.06,0.03,-0.16,21.53,-3.62,0,0,1,1,1,0,0,1,0,0
51415,2881,52.63,3,0,1,0,3,0,11.70,8.34,5.99,0.00,0.00,0.00,0.00,1317.09,0.06,0.02,-0.16,20.57,-3.81,0,0,1,1,1,0,0,1,0,0
51420,2886,41.67,3,0,1,0,3,0,11.70,8.34,5.99,0.00,0.00,0.00,0.00,1317.09,0.06,0.02,-0.16,19.99,-4.86,0,0,1,1,1,0,0,1,0,0
51438,2904,23.81,3,0,1,0,3,0,11.70,8.34,5.99,0.00,0.00,0.00,0.00,1317.08,0.06,0.02,-0.16,20.39,-3.78,0,0,1,1,1,0,0,1,0,0
51443,2909,21.28,3,0,1,0,3,0,11.70,8.34,5.99,0.00,0.00,0.00,0.00,1317.08,0.06,0.02,-0.16,19.88,-4.29,0,0,1,1,1,0,0,1,0,0
51460,2926,15.62,3,0,1,0,3,0,11.70,8.34,5.99,0.00,0.00,0.00,0.00,1317.07,0.06,0.02,-0.16,19.84,-3.70,0,0,1,1,1,0,0,1,0,0
51465,2931,14.49,3,0,1,0,3,0,11.70,8.34,5.99,0.00,0.00,0.00,0.00,1317.07,0.06,0.03,-0.15,20.33,-6.30,0,0,1,1,1,0,0,1,0,0
51483,2949,11.49,3,0,1,0,3,0,11.70,8.34,5.99,0.00,0.00,0.00,0.00,1317.07,0.06,0.03,-0.15,20.91,-5.98,0,0,1,1,1,0,0,1,0,0
51489,2955,10.75,3,0,1,0,3,0,11.70,8.34,5.99,0.00,0.00,0.00,0.00,1317.07,0.06,0.03,-0.16,22.08,-5.28,0,0,1,1,1,0,0,1,0,0
51506,2972,9.09,3,0,1,0,3,0,11.70,8.34,5.99,0.00,0.00,0.00,0.00,1317.08,0.05,0.03,-0.16,20.62,-4.21,0,0,1,1,1,0,0,1,0,0
51511,2977,8.70,3,0,1,0,3,0,11.70,8.34,5.99,0.00,0.00,0.00,0.00,1317.08,0.05,0.03,-0.15,20.01,-6.04,0,0,1,1,1,0,0,1,0,0
51529,2995,7.52,3,0,1,0,3,0,11.70,8.34,5.99,0.00,0.00,0.00,0.00,1317.08,0.05,0.03,-0.16,21.34,-5.62,0,0,1,1,1,0,0,1,0,0
51534,3000,7.25,3,0,1,0,3,0,11.70,8.34,5.99,0.00,0.00,0.00,0.00,1317.08,0.06,0.03,-0.15,20.67,-5.63,0,0,1,1,1,0,0,1,0,0
51551,3017,6.45,3,0,1,0,3,0,11.70,8.34,5.99,0.00,0.00,0.00,0.00,1317.08,0.06,0.03,-0.15,21.52,-5.64,0,0,1,1,1,0,0,1,0,0
51557,3023,6.21,3,0,1,0,3,0,11.70,8.34,5.99,0.00,0.00,0.00,0.00,1317.08,0.06,0.04,-0.16,24.24,-7.63,0,0,1,1,1,0,0,1,0,0
51574,3040,5.62,3,0,1,0,3,0,11.70,8.34,5.99,0.00,0.00,0.00,0.00,1317.07,0.06,0.04,-0.16,21.98,-8.02,0,0,1,1,1,0,0,1,0,0
51580,3046,5.43,3,0,1,0,3,0,11.70,8.34,5.99,0.00,0.00,0.00,0.00,1317.07,0.06,0.04,-0.16,21.12,-5.10,0,0,1,1,1,0,0,1,0,0
51612,3078,inf,3,0,1,0,3,0,11.67,8.34,5.99,0.00,0.00,0.00,0.00,1317.07,0.06,0.04,-0.16,22.78,-6.23,0,0,1,1,1,0,0,0,0,0
51629,3095,58.82,3,0,1,0,3,0,11.67,8.34,5.99,0.00,0.00,0.00,0.00,1317.07,0.07,0.03,-0.16,22.43,-4.86,0,0,1,1,1,0,0,0,0,0
51635,3101,43.48,3,0,1,0,3,0,11.67,8.34,5.99,0.00,0.00,0.00,0.00,1317.07,0.07,0.03,-0.17,23.22,-5.29,0,0,1,1,1,0,0,0,0,0
51652,3118,25.00,3,0,1,0,3,0,11.67,8.34,5.99,0.00,0.00,0.00,0.00,1317.07,0.08,0.03,-0.17,22.72,-7.17,0,0,1,1,1,0,0,0,0,0
51658,3124,21.74,3,0,1,0,3,0,11.67,8.34,5.99,0.00,0.00,0.00,0.00,1317.07,0.08,0.03,-0.17,24.12,-5.31,0,0,1,1,1,0,0,0,0,0
51675,3141,15.87,3,0,1,0,3,0,11.67,8.34,5.99,0.00,0.00,0.00,0.00,1317.07,0.07,0.03,-0.17,22.88,-6.32,0,0,1,1,1,0,0,0,0,0
51680,3146,14.71,3,0,1,0,3,0,11.67,8.34,5.99,0.00,0.00,0.00,0.00,1317.07,0.08,0.03,-0.17,23.13,-3.37,0,0,1,1,1,0,0,0,0,0
51698,3164,11.63,3,0,1,0,3,0,11.67,8.34,5.99,0.00,0.00,0.00,0.00,1317.08,0.08,0.02,-0.17,23.42,-3.94,0,0,1,1,1,0,0,0,0,0
51703,3169,10.99,3,0,1,0,3,0,11.67,8.34,5.99,0.00,0.00,0.00,0.00,1317.08,0.08,0.02,-0.17,22.65,-5.12,0,0,1,1,1,0,0,0,0,0
51720,3186,9.26,3,0,1,0,3,0,11.67,8.34,5.99,0.00,0.00,0.00,0.00,1317.08,0.08,0.02,-0.17,22.93,-4.58,0,0,1,1,1,0,0,0,0,0
51726,3192,8.77,3,0,1,0,3,0,11.67,8.34,5.99,0.00,0.00,0.00,0.00,1317.08,0.08,0.03,-0.17,24.65,-5.98,0,0,1,1,1,0,0,0,0,0
51743,3209,7.63,3,0,1,0,3,0,11.67,8.34,5.99,0.00,0.00,0.00,0.00,1317.08,0.08,0.03,-0.17,23.15,-6.32,0,0,1,1,1,0,0,0,0,0
51749,3215,7.30,3,0,1,0,3,0,11.67,8.34,5.99,0.00,0.00,0.00,0.00,1317.08,0.08,0.03,-0.17,24.09,-7.56,0,0,1,1,1,0,0,0,0,0
51766,3232,6.49,3,0,1,0,3,0,11.67,8.34,5.99,0.00,0.00,0.00,0.00,1317.08,0.08,0.03,-0.17,24.14,-5.77,0,0,1,1,1,0,0,0,0,0
51771,3237,6.29,3,0,1,0,3,0,11.67,8.34,5.99,0.00,0.00,0.00,0.00,1317.08,0.09,0.04,-0.17,23.95,-7.59,0,0,1,1,1,0,0,0,0,0
51789,3255,5.65,3,0,1,0,3,0,11.67,8.34,5.99,0.00,0.00,0.00,0.00,1317.09,0.09,0.04,-0.17,24.31,-6.56,0,0,1,1,1,0,0,0,0,0
51794,3260,5.49,3,0,1,0,3,0,11.67,8.34,5.99,0.00,0.00,0.00,0.00,1317.09,0.09,0.04,-0.17,23.65,-5.66,0,0,1,1,1,0,0,0,0,0
51811,3277,5.03,3,0,1,0,3,0,11.67,8.34,5.99,0.00,0.00,0.00,0.00,1317.10,0.09,0.04,-0.17,24.37,-6.56,0,0,1,1,1,0,0,0,0,0
51832,3298,inf,3,0,1,0,3,0,11.40,8.34,5.97,0.00,0.00,0.00,0.00,1317.10,0.08,0.04,-0.17,23.78,-6.97,1,1,1,1,1,0,0,0,0,0
51850,3316,55.56,3,0,1,0,3,0,11.40,8.34,5.97,0.00,0.00,0.00,0.00,1317.09,0.08,0.05,-0.17,25.41,-8.36,1,1,1,1,1,0,0,0,0,0
51855,3321,43.48,3,0,1,0,3,0,11.40,8.34,5.97,0.00,0.00,0.00,0.00,1317.09,0.09,0.05,-0.17,26.10,-7.14,1,1,1,1,1,0,0,0,0,0
51872,3338,25.00,3,0,1,0,3,0,11.40,8.34,5.97,0.00,0.00,0.00,0.00,1317.08,0.09,0.05,-0.17,24.63,-7.51,1,1,1,1,1,0,0,0,0,0
51878,3344,21.74,3,0,1,0,3,0,11.40,8.34,5.97,0.00,0.00,0.00,0.00,1317.08,0.09,0.05,-0.17,25.16,-6.44,1,1,1,1,1,0,0,0,0,0
51895,3361,15.87,3,0,1,0,3,0,11.40,8.34,5.97,0.00,0.00,0.00,0.00,1317.08,0.09,0.05,-0.17,25.10,-6.76,1,1,1,1,1,0,0,0,0,0
51900,3366,14.71,3,0,1,0,3,0,11.40,8.34,5.97,0.00,0.00,0.00,0.00,1317.08,0.09,0.05,-0.18,25.87,-6.79,1,1,1,1,1,0,0,0,0,0
51918,3384,11.63,3,0,1,0,3,0,11.40,8.34,5.97,0.00,0.00,0.00,0.00,1317.08,0.09,0.05,-0.17,25.19,-7.80,1,1,1,1,1,0,0,0,0,0
51924,3390,10.87,3,0,1,0,3,0,11.40,8.34,5.97,0.00,0.00,0.00,0.00,1317.08,0.09,0.05,-0.18,26.60,-7.74,1,1,1,1,1,0,0,0,0,0
51941,3407,9.17,3,0,1,0,3,0,11.40,8.34,5.97,0.00,0.00,0.00,0.00,1317.08,0.09,0.05,-0.18,27.28,-6.28,1,1,1,1,1,0,0,0,0,0
51946,3412,8.77,3,0,1,0,3,0,11.40,8.34,5.97,0.00,0.00,0.00,0.00,1317.08,0.09,0.05,-0.18,25.85,-7.78,1,1,1,1,1,0,0,0,0,0
51964,3430,7.58,3,0,1,0,3,0,11.40,8.34,5.97,0.00,0.00,0.00,0.00,1317.08,0.09,0.05,-0.18,25.08,-6.40,1,1,1,1,1,0,0,0,0,0
51969,3435,7.30,3,0,1,0,3,0,11.40,8.34,5.97,0.00,0.00,0.00,0.00,1317.08,0.09,0.05,-0.18,27.00,-6.40,1,1,1,1,1,0,0,0,0,0
51986,3452,6.49,3,0,1,0,3,0,11.40,8.34,5.97,0.00,0.00,0.00,0.00,1317.07,0.09,0.05,-0.18,26.39,-7.33,1,1,1,1,1,0,0,0,0,0
51992,3458,6.25,3,0,1,0,3,0,11.40,8.34,5.97,0.00,0.00,0.00,0.00,1317.07,0.10,0.05,-0.18,26.38,-7.87,1,1,1,1,1,0,0,0,0,0
52009,3475,5.65,3,0,1,0,3,0,11.40,8.34,5.97,0.00,0.00,0.00,0.00,1317.07,0.10,0.05,-0.18,27.05,-6.32,1,1,1,1,1,0,0,0,0,0
52015,3481,5.46,3,0,1,0,3,0,11.40,8.34,5.97,0.00,0.00,0.00,0.00,1317.07,0.10,0.05,-0.18,28.01,-8.51,1,1,1,1,1,0,0,0,0,0
52032,3498,5.00,3,0,1,0,3,0,11.40,8.34,5.97,0.00,0.00,0.00,0.00,1317.07,0.10,0.05,-0.18,26.23,-5.88,1,1,1,1,1,0,0,0,0,0
52052,3518,inf,3,0,1,0,3,0,11.47,8.34,5.97,0.00,0.00,0.00,0.00,1317.07,0.11,0.05,-0.18,26.57,-6.67,1,1,1,1,1,0,0,0,0,0
52070,3536,55.56,3,0,1,0,3,0,11.47,8.34,5.97,0.00,0.00,0.00,0.00,1317.08,0.11,0.06,-0.18,27.57,-10.45,1,1,1,1,1,0,0,0,0,0
52075,3541,43.48,3,0,1,0,3,0,11.47,8.34,5.97,0.00,0.00,0.00,0.00,1317.08,0.11,0.06,-0.19,28.91,-8.18,1,1,1,1,1,0,0,0,0,0
52092,3558,25.00,3,0,1,0,3,0,11.47,8.34,5.97,0.00,0.00,0.00,0.00,1317.08,0.11,0.06,-0.19,29.28,-8.55,1,1,1,1,1,0,0,0,0,0
52099,3565,21.28,3,0,1,0,3,0,11.47,8.34,5.97,0.00,0.00,0.00,0.00,1317.08,0.11,0.06,-0.19,27.85,-8.35,1,1,1,1,1,0,0,0,0,0
52116,3582,15.62,3,0,1,0,3,0,11.47,8.34,5.97,0.00,0.00,0.00,0.00,1317.08,0.11,0.06,-0.19,28.09,-9.20,1,1,1,1,1,0,0,0,0,0
52121,3587,14.49,3,0,1,0,3,0,11.47,8.34,5.97,0.00,0.00,0.00,0.00,1317.08,0.11,0.06,-0.19,28.89,-8.40,1,1,1,1,1,0,0,0,0,0
52139,3605,11.49,3,0,1,0,3,0,11.47,8.34,5.97,0.00,0.00,0.00,0.00,1317.08,0.11,0.06,-0.19,28.79,-9.62,1,1,1,1,1,0,0,0,0,0
52144,3610,10.87,3,0,1,0,3,0,11.47,8.34,5.97,0.00,0.00,0.00,0.00,1317.08,0.11,0.06,-0.19,28.31,-8.94,1,1,1,1,1,0,0,0,0,0
52161,3627,9.17,3,0,1,0,3,0,11.47,8.34,5.97,0.00,0.00,0.00,0.00,1317.09,0.11,0.06,-0.19,29.34,-7.08,1,1,1,1,1,0,0,0,0,0
52166,3632,8.77,3,0,1,0,3,0,11.47,8.34,5.97,0.00,0.00,0.00,0.00,1317.09,0.11,0.06,-0.19,28.55,-8.15,1,1,1,1,1,0,0,0,0,0
52184,3650,7.58,3,0,1,0,3,0,11.47,8.34,5.97,0.00,0.00,0.00,0.00,1317.09,0.11,0.06,-0.19,28.93,-8.71,1,1,1,1,1,0,0,0,0,0
52190,3656,7.25,3,0,1,0,3,0,11.47,8.34,5.97,0.00,0.00,0.00,0.00,1317.09,0.11,0.06,-0.19,29.40,-8.35,1,1,1,1,1,0,0,0,0,0
52207,3673,6.45,3,0,1,0,3,0,11.47,8.34,5.97,0.00,0.00,0.00,0.00,1317.08,0.11,0.06,-0.19,30.17,-9.18,1,1,1,1,1,0,0,0,0,0
52212,3678,6.25,3,0,1,0,3,0,11.47,8.34,5.97,0.00,0.00,0.00,0.00,1317.08,0.11,0.06,-0.19,29.89,-7.50,1,1,1,1,1,0,0,0,0,0
52230,3696,5.62,3,0,1,0,3,0,11.47,8.34,5.97,0.00,0.00,0.00,0.00,1317.08,0.11,0.06,-0.19,29.30,-9.30,1,1,1,1,1,0,0,0,0,0
52235,3701,5.46,3,0,1,0,3,0,11.47,8.34,5.97,0.00,0.00,0.00,0.00,1317.08,0.11,0.05,-0.19,29.44,-7.06,1,1,1,1,1,0,0,0,0,0
52252,3718,5.00,3,0,1,0,3,0,11.47,8.34,5.97,0.00,0.00,0.00,0.00,1317.09,0.11,0.05,-0.19,31.40,-7.68,1,1,1,1,1,0,0,0,0,0
52273,3739,inf,3,0,1,0,3,0,11.40,8.33,5.98,0.00,0.00,0.00,0.00,1317.09,0.11,0.06,-0.19,27.92,-10.31,1,1,1,1,1,0,0,0,0,0
52291,3757,55.56,3,0,1,0,3,0,11.40,8.33,5.98,0.00,0.00,0.00,0.00,1317.10,0.12,0.06,-0.19,30.39,-9.31,1,1,1,1,1,0,0,0,0,0
52296,3762,43.48,3,0,1,0,3,0,11.40,8.33,5.98,0.00,0.00,0.00,0.00,1317.10,0.12,0.06,-0.19,30.11,-9.73,1,1,1,1,1,0,0,0,0,0
52314,3780,24.39,3,0,1,0,3,0,11.40,8.33,5.98,0.00,0.00,0.00,0.00,1317.09,0.12,0.06,-0.19,30.84,-9.09,1,1,1,1,1,0,0,0,0,0
52319,3785,21.74,3,0,1,0,3,0,11.40,8.33,5.98,0.00,0.00,0.00,0.00,1317.09,0.12,0.06,-0.19,31.31,-8.82,1,1,1,1,1,0,0,0,0,0
52336,3802,15.87,3,0,1,0,3,0,11.40,8.33,5.98,0.00,0.00,0.00,0.00,1317.08,0.12,0.06,-0.19,30.69,-8.71,1,1,1,1,1,0,0,0,0,0
52341,3807,14.71,3,0,1,0,3,0,11.40,8.33,5.98,0.00,0.00,0.00,0.00,1317.08,0.12,0.06,-0.19,31.16,-9.68,1,1,1,1,1,0,0,0,0,0
52359,3825,11.63,3,0,1,0,3,0,11.40,8.33,5.98,0.00,0.00,0.00,0.00,1317.08,0.12,0.07,-0.19,30.65,-10.80,1,1,1,1,1,0,0,0,0,0
52365,3831,10.87,3,0,1,0,3,0,11.40,8.33,5.98,0.00,0.00,0.00,0.00,1317.08,0.12,0.07,-0.20,32.49,-9.18,1,1,1,1,1,0,0,0,0,0
52382,3848,9.17,3,0,1,0,3,0,11.40,8.33,5.98,0.00,0.00,0.00,0.00,1317.07,0.12,0.07,-0.20,32.84,-9.83,1,1,1,1,1,0,0,0,0,0
52387,3853,8.77,3,0,1,0,3,0,11.40,8.33,5.98,0.00,0.00,0.00,0.00,1317.07,0.12,0.07,-0.21,33.04,-9.15,1,1,1,1,1,0,0,0,0,0
52405,3871,7.58,3,0,1,0,3,0,11.40,8.33,5.98,0.00,0.00,0.00,0.00,1317.07,0.12,0.06,-0.21,32.05,-9.10,1,1,1,1,1,0,0,0,0,0
52410,3876,7.30,3,0,1,0,3,0,11.40,8.33,5.98,0.00,0.00,0.00,0.00,1317.07,0.12,0.06,-0.21,32.71,-9.36,1,1,1,1,1,0,0,0,0,0
52427,3893,6.49,3,0,1,0,3,0,11.40,8.33,5.98,0.00,0.00,0.00,0.00,1317.09,0.12,0.06,-0.21,32.41,-8.85,1,1,1,1,1,0,0,0,0,0
52433,3899,6.25,3,0,1,0,3,0,11.40,8.33,5.98,0.00,0.00,0.00,0.00,1317.09,0.12,0.07,-0.21,32.63,-10.10,1,1,1,1,1,0,0,0,0,0
52450,3916,5.65,3,0,1,0,3,0,11.40,8.33,5.98,0.00,0.00,0.00,0.00,1317.09,0.12,0.07,-0.21,32.18,-9.52,1,1,1,1,1,0,0,0,0,0
52456,3922,5.46,3,0,1,0,3,0,11.40,8.33,5.98,0.00,0.00,0.00,0.00,1317.09,0.12,0.07,-0.21,33.00,-9.56,1,1,1,1,1,0,0,0,0,0
52473,3939,5.00,3,0,1,0,3,0,11.40,8.33,5.98,0.00,0.00,0.00,0.00,1317.09,0.12,0.07,-0.21,33.58,-9.75,1,1,1,1,1,0,0,0,0,0
52493,3959,inf,3,0,1,0,3,0,11.44,8.34,5.97,0.00,0.00,0.00,0.00,1317.09,0.13,0.07,-0.21,33.95,-10.07,1,1,1,1,1,0,0,0,0,0
52511,3977,55.56,3,0,1,0,3,0,11.44,8.34,5.97,0.00,0.00,0.00,0.00,1317.08,0.13,0.07,-0.22,34.44,-11.02,1,1,1,1,1,0,0,0,0,0
52516,3982,43.48,3,0,1,0,3,0,11.44,8.34,5.97,0.00,0.00,0.00,0.00,1317.08,0.13,0.08,-0.22,35.66,-13.92,1,1,1,1,1,0,0,0,0,0
52533,3999,25.00,3,0,1,0,3,0,11.44,8.34,5.97,0.00,0.00,0.00,0.00,1317.09,0.13,0.08,-0.22,33.73,-11.67,1,1,1,1,1,0,0,0,0,0
52540,4006,21.28,3,0,1,0,3,0,11.44,8.34,5.97,0.00,0.00,0.00,0.00,1317.09,0.13,0.08,-0.22,35.10,-9.28,1,1,1,1,1,0,0,0,0,0
52557,4023,15.62,3,0,1,0,3,0,11.44,8.34,5.97,0.00,0.00,0.00,0.00,1317.09,0.13,0.08,-0.22,35.83,-11.83,1,1,1,1,1,0,0,0,0,0
52562,4028,14.49,3,0,1,0,3,0,11.44,8.34,5.97,0.00,0.00,0.00,0.00,1317.09,0.13,0.08,-0.23,35.36,-11.74,1,1,1,1,1,0,0,0,0,0
52580,4046,11.49,3,0,1,0,3,0,11.44,8.34,5.97,0.00,0.00,0.00,0.00,1317.11,0.13,0.08,-0.23,36.20,-11.07,1,1,1,1,1,0,0,0,0,0
52585,4051,10.87,3,0,1,0,3,0,11.44,8.34,5.97,0.00,0.00,0.00,0.00,1317.11,0.13,0.08,-0.23,36.20,-10.61,1,1,1,1,1,0,0,0,0,0
52602,4068,9.17,3,0,1,0,3,0,11.44,8.34,5.97,0.00,0.00,0.00,0.00,1317.11,0.13,0.08,-0.23,35.88,-10.33,1,1,1,1,1,0,0,0,0,0
52608,4074,8.70,3,0,1,0,3,0,11.44,8.34,5.97,0.00,0.00,0.00,0.00,1317.11,0.13,0.08,-0.23,36.52,-10.72,1,1,1,1,1,0,0,0,0,0
52625,4091,7.58,3,0,1,0,3,0,11.44,8.34,5.97,0.00,0.00,0.00,0.00,1317.11,0.13,0.08,-0.23,36.36,-10.32,1,1,1,1,1,0,0,0,0,0
52631,4097,7.25,3,0,1,0,3,0,11.44,8.34,5.97,0.00,0.00,0.00,0.00,1317.11,0.14,0.08,-0.24,37.53,-12.50,1,1,1,1,1,0,0,0,0,0
52648,4114,6.45,3,0,1,0,3,0,11.44,8.34,5.97,0.00,0.00,0.00,0.00,1317.09,0.14,0.08,-0.24,35.98,-12.09,1,1,1,1,1,0,0,0,0,0
52653,4119,6.25,3,0,1,0,3,0,11.44,8.34,5.97,0.00,0.00,0.00,0.00,1317.09,0.14,0.09,-0.24,37.24,-13.25,1,1,1,1,1,0,0,0,0,0
52671,4137,5.62,3,0,1,0,3,0,11.44,8.34,5.97,0.00,0.00,0.00,0.00,1317.11,0.14,0.09,-0.24,35.21,-11.51,1,1,1,1,1,0,0,0,0,0
52676,4142,5.46,3,0,1,0,3,0,11.44,8.34,5.97,0.00,0.00,0.00,0.00,1317.11,0.14,0.09,-0.24,36.60,-12.15,1,1,1,1,1,0,0,0,0,0
52693,4159,5.00,3,0,1,0,3,0,11.44,8.34,5.97,0.00,0.00,0.00,0.00,1317.11,0.14,0.09,-0.24,37.46,-12.67,1,1,1,1,1,0,0,0,0,0
52714,4180,inf,3,0,1,0,3,0,11.70,8.34,5.99,0.00,0.00,0.00,0.00,1317.11,0.14,0.09,-0.24,37.09,-12.78,0,0,1,1,1,0,0,0,0,0
52732,4198,55.56,3,0,1,0,3,0,11.70,8.34,5.99,0.00,0.00,0.00,0.00,1317.10,0.14,0.09,-0.24,37.72,-11.59,0,0,1,1,1,0,0,0,0,0
52737,4203,43.48,3,0,1,0,3,0,11.70,8.34,5.99,0.00,0.00,0.00,0.00,1317.10,0.14,0.09,-0.24,38.69,-12.06,0,0,1,1,1,0,0,0,0,0
52755,4221,24.39,3,0,1,0,3,0,11.70,8.34,5.99,0.00,0.00,0.00,0.00,1317.10,0.14,0.09,-0.24,39.47,-11.74,0,0,1,1,1,0,0,0,0,0
52760,4226,21.74,3,0,1,0,3,0,11.70,8.34,5.99,0.00,0.00,0.00,0.00,1317.10,0.15,0.09,-0.24,36.64,-13.49,0,0,1,1,1,0,0,0,0,0
52777,4243,15.87,3,0,1,0,3,0,11.70,8.34,5.99,0.00,0.00,0.00,0.00,1317.10,0.15,0.09,-0.24,38.64,-13.32,0,0,1,1,1,0,0,0,0,0
52782,4248,14.71,3,0,1,0,3,0,11.70,8.34,5.99,0.00,0.00,0.00,0.00,1317.10,0.14,0.09,-0.23,37.77,-12.66,0,0,1,1,1,0,0,0,0,0
52800,4266,11.63,3,0,1,0,3,0,11.70,8.34,5.99,0.00,0.00,0.00,0.00,1317.09,0.14,0.09,-0.23,37.92,-12.06,0,0,1,1,1,0,0,0,0,0
52806,4272,10.87,3,0,1,0,3,0,11.70,8.34,5.99,0.00,0.00,0.00,0.00,1317.09,0.14,0.10,-0.23,37.89,-14.32,0,0,1,1,1,0,0,0,0,0
52823,4289,9.17,3,0,1,0,3,0,11.70,8.34,5.99,0.00,0.00,0.00,0.00,1317.09,0.14,0.10,-0.23,40.84,-13.09,0,0,1,1,1,0,0,0,0,0
52828,4294,8.77,3,0,1,0,3,0,11.70,8.34,5.99,0.00,0.00,0.00,0.00,1317.09,0.14,0.10,-0.23,38.41,-13.48,0,0,1,1,1,0,0,0,0,0
52846,4312,7.58,3,0,1,0,3,0,11.70,8.34,5.99,0.00,0.00,0.00,0.00,1317.10,0.14,0.10,-0.23,37.97,-14.13,0,0,1,1,1,0,0,0,0,0
52851,4317,7.30,3,0,1,0,3,0,11.70,8.34,5.99,0.00,0.00,0.00,0.00,1317.10,0.14,0.10,-0.24,40.32,-13.18,0,0,1,1,1,0,0,0,0,0
52868,4334,6.49,3,0,1,0,3,0,11.70,8.34,5.99,0.00,0.00,0.00,0.00,1317.10,0.14,0.10,-0.24,38.26,-12.48,0,0,1,1,1,0,0,0,0,0
52874,4340,6.25,3,0,1,0,3,0,11.70,8.34,5.99,0.00,0.00,0.00,0.00,1317.10,0.14,0.10,-0.24,39.90,-13.04,0,0,1,1,1,0,0,0,0,0
52891,4357,5.65,3,0,1,0,3,0,11.70,8.34,5.99,0.00,0.00,0.00,0.00,1317.10,0.14,0.10,-0.24,39.12,-12.71,0,0,1,1,1,0,0,0,0,0
52897,4363,5.46,3,0,1,0,3,0,11.70,8.34,5.99,0.00,0.00,0.00,0.00,1317.10,0.14,0.10,-0.24,41.60,-14.13,0,0,1,1,1,0,0,0,0,0
52914,4380,5.00,3,0,1,0,3,0,11.70,8.34,5.99,0.00,0.00,0.00,0.00,1317.10,0.14,0.10,-0.24,40.15,-12.18,0,0,1,1,1,0,0,0,0,0
52934,4400,inf,3,0,1,0,3,0,11.48,8.34,5.98,0.00,0.00,0.00,0.00,1317.10,0.14,0.10,-0.25,41.57,-13.74,1,1,1,1,1,0,0,0,0,0
52952,4418,55.56,3,0,1,0,3,0,11.48,8.34,5.98,0.00,0.00,0.00,0.00,1317.09,0.15,0.11,-0.25,40.83,-16.62,1,1,1,1,1,0,0,0,0,0
52957,4423,43.48,3,0,1,0,3,0,11.48,8.34,5.98,0.00,0.00,0.00,0.00,1317.09,0.15,0.11,-0.25,43.18,-14.50,1,1,1,1,1,0,0,0,0,0
52974,4440,25.00,3,0,1,0,3,0,11.48,8.34,5.98,0.00,0.00,0.00,0.00,1317.09,0.15,0.11,-0.25,40.70,-13.36,1,1,1,1,1,0,0,0,0,0
52981,4447,21.28,3,0,1,0,3,0,11.48,8.34,5.98,0.00,0.00,0.00,0.00,1317.09,0.15,0.10,-0.26,42.73,-12.46,1,1,1,1,1,0,0,0,0,0
52998,4464,15.62,3,0,1,0,3,0,11.48,8.34,5.98,0.00,0.00,0.00,0.00,1317.09,0.15,0.10,-0.26,42.92,-13.81,1,1,1,1,1,0,0,0,0,0
53003,4469,14.49,3,0,1,0,3,0,11.48,8.34,5.98,0.00,0.00,0.00,0.00,1317.09,0.15,0.10,-0.26,41.92,-14.93,1,1,1,1,1,0,0,0,0,0
53021,4487,11.49,3,0,1,0,3,0,11.48,8.34,5.98,0.00,0.00,0.00,0.00,1317.09,0.15,0.10,-0.26,43.54,-13.99,1,1,1,1,1,0,0,0,0,0
53026,4492,10.87,3,0,1,0,3,0,11.48,8.34,5.98,0.00,0.00,0.00,0.00,1317.09,0.15,0.11,-0.26,41.88,-15.73,1,1,1,1,1,0,0,0,0,0
53043,4509,9.17,3,0,1,0,3,0,11.48,8.34,5.98,0.00,0.00,0.00,0.00,1317.09,0.15,0.11,-0.26,42.98,-14.34,1,1,1,1,1,0,0,0,0,0
53049,4515,8.70,3,0,1,0,3,0,11.48,8.34,5.98,0.00,0.00,0.00,0.00,1317.09,0.16,0.11,-0.26,43.84,-14.45,1,1,1,1,1,0,0,0,0,0
53066,4532,7.58,3,0,1,0,3,0,11.48,8.34,5.98,0.00,0.00,0.00,0.00,1317.08,0.16,0.10,-0.26,42.88,-14.13,1,1,1,1,1,0,0,0,0,0
53072,4538,7.25,3,0,1,0,3,0,11.48,8.34,5.98,0.00,0.00,0.00,0.00,1317.08,0.15,0.10,-0.26,43.15,-14.87,1,1,1,1,1,0,0,0,0,0
53089,4555,6.45,3,0,1,0,3,0,11.48,8.34,5.98,0.00,0.00,0.00,0.00,1317.06,0.16,0.11,-0.26,43.88,-16.54,1,1,1,1,1,0,0,0,0,0
53094,4560,6.25,3,0,1,0,3,0,11.48,8.34,5.98,0.00,0.00,0.00,0.00,1317.06,0.16,0.11,-0.26,42.97,-16.08,1,1,1,1,1,0,0,0,0,0
53112,4578,5.62,3,0,1,0,3,0,11.48,8.34,5.98,0.00,0.00,0.00,0.00,1317.07,0.16,0.11,-0.26,44.01,-14.50,1,1,1,1,1,0,0,0,0,0
53117,4583,5.46,3,0,1,0,3,0,11.48,8.34,5.98,0.00,0.00,0.00,0.00,1317.07,0.16,0.11,-0.26,44.87,-16.27,1,1,1,1,1,0,0,0,0,0
53134,4600,5.00,3,0,1,0,3,0,11.48,8.34,5.98,0.00,0.00,0.00,0.00,1317.07,0.16,0.11,-0.26,45.50,-16.61,1,1,1,1,1,0,0,0,0,0
53155,4621,inf,3,0,1,0,3,0,11.31,8.34,5.97,0.00,0.00,0.00,0.00,1317.07,0.16,0.12,-0.26,44.98,-16.89,1,1,1,1,1,0,0,0,0,0
53173,4639,55.56,3,0,1,0,3,0,11.31,8.34,5.97,0.00,0.00,0.00,0.00,1317.07,0.16,0.11,-0.27,45.94,-15.02,1,1,1,1,1,0,0,0,0,0
53178,4644,43.48,3,0,1,0,3,0,11.31,8.34,5.97,0.00,0.00,0.00,0.00,1317.07,0.15,0.11,-0.28,47.51,-14.16,1,1,1,1,1,0,0,0,0,0
53196,4662,24.39,3,0,1,0,3,0,11.31,8.34,5.97,0.00,0.00,0.00,0.00,1317.07,0.15,0.11,-0.28,46.82,-16.80,1,1,1,1,1,0,0,0,0,0
53201,4667,21.74,3,0,1,0,3,0,11.31,8.34,5.97,0.00,0.00,0.00,0.00,1317.07,0.16,0.10,-0.27,45.34,-14.26,1,1,1,1,1,0,0,0,0,0
53218,4684,15.87,3,0,1,0,3,0,11.31,8.34,5.97,0.00,0.00,0.00,0.00,1317.08,0.16,0.10,-0.28,46.84,-15.40,1,1,1,1,1,0,0,0,0,0
53223,4689,14.71,3,0,1,0,3,0,11.31,8.34,5.97,0.00,0.00,0.00,0.00,1317.08,0.16,0.11,-0.27,46.12,-16.18,1,1,1,1,1,0,0,0,0,0
53241,4707,11.63,3,0,1,0,3,0,11.31,8.34,5.97,0.00,0.00,0.00,0.00,1317.08,0.16,0.11,-0.28,47.00,-15.66,1,1,1,1,1,0,0,0,0,0
53247,4713,10.87,3,0,1,0,3,0,11.31,8.34,5.97,0.00,0.00,0.00,0.00,1317.08,0.16,0.10,-0.27,45.62,-15.68,1,1,1,1,1,0,0,0,0,0
53264,4730,9.17,3,0,1,0,3,0,11.31,8.34,5.97,0.00,0.00,0.00,0.00,1317.09,0.16,0.10,-0.27,46.63,-14.54,1,1,1,1,1,0,0,0,0,0
53269,4735,8.77,3,0,1,0,3,0,11.31,8.34,5.97,0.00,0.00,0.00,0.00,1317.09,0.16,0.10,-0.27,47.21,-16.06,1,1,1,1,1,0,0,0,0,0
53287,4753,7.58,3,0,1,0,3,0,11.31,8.34,5.97,0.00,0.00,0.00,0.00,1317.09,0.16,0.10,-0.27,46.72,-15.06,1,1,1,1,1,0,0,0,0,0
53292,4758,7.30,3,0,1,0,3,0,11.31,8.34,5.97,0.00,0.00,0.00,0.00,1317.09,0.16,0.10,-0.28,47.92,-15.42,1,1,1,1,1,0,0,0,0,0
53309,4775,6.49,3,0,1,0,3,0,11.31,8.34,5.97,0.00,0.00,0.00,0.00,1317.09,0.16,0.10,-0.27,45.98,-16.33,1,1,1,1,1,0,0,0,0,0
53314,4780,6.29,3,0,1,0,3,0,11.31,8.34,5.97,0.00,0.00,0.00,0.00,1317.09,0.16,0.11,-0.27,46.97,-17.81,1,1,1,1,1,0,0,0,0,0
53332,4798,5.65,3,0,1,0,3,0,11.31,8.34,5.97,0.00,0.00,0.00,0.00,1317.10,0.16,0.11,-0.27,47.22,-16.09,1,1,1,1,1,0,0,0,0,0
53338,4804,5.46,3,0,1,0,3,0,11.31,8.34,5.97,0.00,0.00,0.00,0.00,1317.10,0.16,0.12,-0.27,47.95,-18.70,1,1,1,1,1,0,0,0,0,0
53355,4821,5.00,3,0,1,0,3,0,11.31,8.34,5.97,0.00,0.00,0.00,0.00,1317.10,0.17,0.12,-0.27,49.01,-17.38,1,1,1,1,1,0,0,0,0,0
53375,4841,inf,3,0,1,0,3,0,11.67,8.33,5.99,0.00,0.00,0.00,0.00,1317.10,0.17,0.12,-0.27,46.79,-18.36,0,0,1,1,1,0,0,0,0,0
53393,4859,55.56,3,0,1,0,3,0,11.67,8.33,5.99,0.00,0.00,0.00,0.00,1317.10,0.17,0.12,-0.27,48.71,-16.69,0,0,1,1,1,0,0,0,0,0
53398,4864,43.48,3,0,1,0,3,0,11.67,8.33,5.99,0.00,0.00,0.00,0.00,1317.10,0.16,0.12,-0.27,47.87,-18.08,0,0,1,1,1,0,0,0,0,0
53415,4881,25.00,3,0,1,0,3,0,11.67,8.33,5.99,0.00,0.00,0.00,0.00,1317.10,0.16,0.12,-0.27,48.63,-16.91,0,0,1,1,1,0,0,0,0,0
53422,4888,21.28,3,0,1,0,3,0,11.67,8.33,5.99,0.00,0.00,0.00,0.00,1317.10,0.16,0.12,-0.27,48.69,-18.89,0,0,1,1,1,0,0,0,0,0
53439,4905,15.62,3,0,1,0,3,0,11.67,8.33,5.99,0.00,0.00,0.00,0.00,1317.11,0.16,0.12,-0.27,49.70,-19.38,0,0,1,1,1,0,0,0,0,0
53444,4910,14.49,3,0,1,0,3,0,11.67,8.33,5.99,0.00,0.00,0.00,0.00,1317.11,0.16,0.13,-0.27,49.86,-18.39,0,0,1,1,1,0,0,0,0,0
53462,4928,11.49,3,0,1,0,3,0,11.67,8.33,5.99,0.00,0.00,0.00,0.00,1317.12,0.16,0.12,-0.27,49.60,-16.32,0,0,1,1,1,0,0,0,0,0
53467,4933,10.87,3,0,1,0,3,0,11.67,8.33,5.99,0.00,0.00,0.00,0.00,1317.12,0.16,0.12,-0.28,50.69,-16.96,0,0,1,1,1,0,0,0,0,0
53484,4950,9.17,3,0,1,0,3,0,11.67,8.33,5.99,0.00,0.00,0.00,0.00,1317.14,0.16,0.12,-0.28,49.86,-17.38,0,0,1,1,1,0,0,0,0,0
53490,4956,8.70,3,0,1,0,3,0,11.67,8.33,5.99,0.00,0.00,0.00,0.00,1317.14,0.16,0.12,-0.28,51.10,-19.10,0,0,1,1,1,0,0,0,0,0
53507,4973,7.58,3,0,1,0,3,0,11.67,8.33,5.99,0.00,0.00,0.00,0.00,1317.15,0.16,0.12,-0.28,51.03,-19.64,0,0,1,1,1,0,0,0,0,0
53513,4979,7.25,3,0,1,0,3,0,11.67,8.33,5.99,0.00,0.00,0.00,0.00,1317.15,0.17,0.12,-0.28,50.81,-18.08,0,0,1,1,1,0,0,0,0,0
53530,4996,6.45,3,0,1,0,3,0,11.67,8.33,5.99,0.00,0.00,0.00,0.00,1317.16,0.17,0.12,-0.28,50.97,-18.34,0,0,1,1,1,0,0,0,0,0
53535,5001,6.25,3,0,1,0,3,0,11.67,8.33,5.99,0.00,0.00,0.00,0.00,1317.16,0.16,0.12,-0.29,52.49,-19.30,0,0,1,1,1,0,0,0,0,0
53553,5019,5.62,3,0,1,0,3,1,11.67,8.33,5.99,0.00,0.00,0.00,0.00,1317.16,0.16,0.13,-0.29,50.70,-20.28,0,0,1,1,1,0,0,0,0,0
53558,5024,5.46,3,0,1,0,3,1,11.67,8.33,5.99,0.00,0.00,0.00,0.00,1317.16,0.16,0.13,-0.29,51.78,-20.00,0,0,1,1,1,0,0,0,0,0
53575,5041,5.00,3,0,1,0,3,1,11.67,8.33,5.99,0.00,0.00,0.00,0.00,1317.17,0.16,0.13,-0.29,50.81,-18.38,0,0,1,1,1,0,0,0,0,0
53596,5062,inf,3,0,1,0,3,1,11.70,8.30,5.99,0.00,0.00,0.00,0.00,1317.17,0.16,0.13,-0.28,51.53,-19.91,0,0,1,1,1,0,0,0,0,0
53614,5080,55.56,3,0,1,0,3,1,11.70,8.30,5.99,0.00,0.00,0.00,0.00,1317.16,0.17,0.13,-0.28,51.12,-20.25,0,0,1,1,1,0,0,0,0,0
53619,5085,43.48,3,0,1,0,3,1,11.70,8.30,5.99,0.00,0.00,0.00,0.00,1317.16,0.17,0.13,-0.29,53.99,-20.02,0,0,1,1,1,0,0,0,0,0
53637,5103,24.39,3,0,1,0,3,1,11.70,8.30,5.99,0.00,0.00,0.00,0.00,1317.17,0.17,0.14,-0.29,53.77,-20.54,0,0,1,1,1,0,0,0,0,0
53642,5108,21.74,3,0,1,0,3,1,11.70,8.30,5.99,0.00,0.00,0.00,0.00,1317.17,0.17,0.13,-0.29,53.10,-18.99,0,0,1,1,1,0,0,0,0,0
53659,5125,15.87,3,0,1,0,3,1,11.70,8.30,5.99,0.00,0.00,0.00,0.00,1317.17,0.18,0.13,-0.29,53.79,-18.88,0,0,1,1,1,0,0,0,0,0
53664,5130,14.71,3,0,1,0,3,1,11.70,8.30,5.99,0.00,0.00,0.00,0.00,1317.17,0.17,0.13,-0.29,53.63,-18.99,0,0,1,1,1,0,0,0,0,0
53682,5148,11.63,3,0,1,0,3,1,11.70,8.30,5.99,0.00,0.00,0.00,0.00,1317.17,0.17,0.13,-0.29,53.66,-20.29,0,0,1,1,1,0,0,0,0,0
53688,5154,10.87,3,0,1,0,3,1,11.70,8.30,5.99,0.00,0.00,0.00,0.00,1317.17,0.18,0.13,-0.29,55.01,-20.07,0,0,1,1,1,0,0,0,0,0
53705,5171,9.17,3,0,1,0,3,1,11.70,8.30,5.99,0.00,0.00,0.00,0.00,1317.18,0.18,0.13,-0.29,55.24,-20.59,0,0,1,1,1,0,0,0,0,0
53710,5176,8.77,3,0,1,0,3,1,11.70,8.30,5.99,0.00,0.00,0.00,0.00,1317.18,0.18,0.13,-0.30,54.97,-20.76,0,0,1,1,1,0,0,0,0,0
53728,5194,7.58,3,0,1,0,3,1,11.70,8.30,5.99,0.00,0.00,0.00,0.00,1317.18,0.18,0.13,-0.30,55.13,-21.01,0,0,1,1,1,0,0,0,0,0
53733,5199,7.30,3,0,1,0,3,1,11.70,8.30,5.99,0.00,0.00,0.00,0.00,1317.18,0.18,0.13,-0.29,53.89,-19.89,0,0,1,1,1,0,0,0,0,0
53750,5216,6.49,3,0,1,0,3,1,11.70,8.30,5.99,0.00,0.00,0.00,0.00,1317.18,0.18,0.13,-0.29,53.29,-21.73,0,0,1,1,1,0,0,0,0,0
53755,5221,6.29,3,0,1,0,3,1,11.70,8.30,5.99,0.00,0.00,0.00,0.00,1317.18,0.18,0.14,-0.29,54.34,-22.32,0,0,1,1,1,0,0,0,0,0
53773,5239,5.65,3,0,1,0,3,1,11.70,8.30,5.99,0.00,0.00,0.00,0.00,1317.17,0.18,0.14,-0.29,54.88,-19.87,0,0,1,1,1,0,0,0,0,0
53779,5245,5.46,3,0,1,0,3,1,11.70,8.30,5.99,0.00,0.00,0.00,0.00,1317.17,0.18,0.13,-0.29,55.97,-20.24,0,0,1,1,1,0,0,0,0,0
53796,5262,5.00,3,0,1,0,3,1,11.70,8.30,5.99,0.00,0.00,0.00,0.00,1317.17,0.18,0.13,-0.29,55.67,-21.59,0,0,1,1,1,0,0,0,0,0
53816,5282,inf,3,0,1,0,3,1,11.67,8.33,5.99,0.00,0.00,0.00,0.00,1317.17,0.18,0.13,-0.30,56.74,-19.91,0,0,1,1,1,0,0,0,0,0
53834,5300,55.56,3,0,1,0,3,1,11.67,8.33,5.99,0.00,0.00,0.00,0.00,1317.16,0.18,0.13,-0.30,56.63,-20.23,0,0,1,1,1,0,0,0,0,0
53839,5305,43.48,3,0,1,0,3,1,11.67,8.33,5.99,0.00,0.00,0.00,0.00,1317.16,0.18,0.13,-0.30,56.89,-22.74,0,0,1,1,1,0,0,0,0,0
53856,5322,25.00,3,0,1,0,3,1,11.67,8.33,5.99,0.00,0.00,0.00,0.00,1317.16,0.18,0.13,-0.30,57.11,-21.99,0,0,1,1,1,0,0,0,0,0
53863,5329,21.28,3,0,1,0,3,1,11.67,8.33,5.99,0.00,0.00,0.00,0.00,1317.16,0.18,0.13,-0.30,56.94,-21.22,0,0,1,1,1,0,0,0,0,0
53880,5346,15.62,3,0,1,0,3,1,11.67,8.33,5.99,0.00,0.00,0.00,0.00,1317.15,0.18,0.13,-0.30,58.29,-21.82,0,0,1,1,1,0,0,0,0,0
53885,5351,14.49,3,0,1,0,3,1,11.67,8.33,5.99,0.00,0.00,0.00,0.00,1317.15,0.18,0.13,-0.30,57.38,-20.67,0,0,1,1,1,0,0,0,0,0
53903,5369,11.49,3,0,1,0,3,1,11.67,8.33,5.99,0.00,0.00,0.00,0.00,1317.15,0.18,0.13,-0.30,58.89,-21.22,0,0,1,1,1,0,0,0,0,0
53908,5374,10.87,3,0,1,0,3,1,11.67,8.33,5.99,0.00,0.00,0.00,0.00,1317.15,0.19,0.13,-0.30,56.92,-22.79,0,0,1,1,1,0,0,0,0,0
53925,5391,9.17,3,0,1,0,3,1,11.67,8.33,5.99,0.00,0.00,0.00,0.00,1317.13,0.19,0.14,-0.30,58.99,-22.83,0,0,1,1,1,0,0,0,0,0
53931,5397,8.70,3,0,1,0,3,1,11.67,8.33,5.99,0.00,0.00,0.00,0.00,1317.13,0.19,0.13,-0.30,59.20,-20.81,0,0,1,1,1,0,0,0,0,0
53948,5414,7.58,3,0,1,0,3,1,11.67,8.33,5.99,0.00,0.00,0.00,0.00,1317.14,0.19,0.13,-0.30,58.44,-22.50,0,0,1,1,1,0,0,0,0,0
53954,5420,7.25,3,0,1,0,3,1,11.67,8.33,5.99,0.00,0.00,0.00,0.00,1317.14,0.19,0.13,-0.31,59.12,-21.01,0,0,1,1,1,0,0,0,0,0
53971,5437,6.45,3,0,1,0,3,1,11.67,8.33,5.99,0.00,0.00,0.00,0.00,1317.15,0.19,0.13,-0.31,60.54,-21.71,0,0,1,1,1,0,0,0,0,0
53976,5442,6.25,3,0,1,0,3,1,11.67,8.33,5.99,0.00,0.00,0.00,0.00,1317.15,0.19,0.13,-0.31,59.95,-23.02,0,0,1,1,1,0,0,0,0,0
53994,5460,5.62,3,0,1,0,3,1,11.67,8.33,5.99,0.00,0.00,0.00,0.00,1317.14,0.19,0.13,-0.31,59.33,-23.24,0,0,1,1,1,0,0,0,0,0
53999,5465,5.46,3,0,1,0,3,1,11.67,8.33,5.99,0.00,0.00,0.00,0.00,1317.14,0.19,0.14,-0.31,59.62,-22.89,0,0,1,1,1,0,0,0,0,0
54016,5482,5.00,3,0,1,0,3,1,11.67,8.33,5.99,0.00,0.00,0.00,0.00,1317.13,0.19,0.14,-0.31,60.86,-23.56,0,0,1,1,1,0,0,0,0,0
54037,5503,inf,3,0,1,0,3,1,11.69,8.34,5.99,0.00,0.00,0.00,0.00,1317.13,0.19,0.14,-0.31,60.17,-22.76,0,0,1,1,1,0,0,0,0,0
56070,7536,inf,4,0,1,0,3,1,11.69,8.32,5.99,0.00,0.00,0.00,0.00,1317.14,-0.04,-0.31,-0.10,59.35,39.11,0,0,1,0,1,0,0,0,1,1
